0.000000000000000000e+00,9.794978300050601883e-01,9.794788956754352238e-01,9.794599610202162632e-01,9.794410260364230236e-01,9.794220907250041908e-01,9.794031550862914992e-01,9.793842191189351398e-01,9.793652828254467702e-01,9.793463462020920440e-01,9.793274092538499787e-01,9.793084719757869649e-01,9.792895343703349464e-01,1.000000000000000000e+00,9.999790861291869559e-01,9.999581717448093876e-01,9.999372568467866929e-01,9.999163414358847035e-01,9.998954255126302204e-01,9.998745090764240562e-01,9.998535921263016490e-01,9.998326746638135365e-01,9.998117566875933671e-01,9.997908381989037974e-01,9.997699191965242482e-01,9.997489996811371737e-01,9.997280796523427826e-01,9.997071591103826593e-01,9.996862380555322503e-01,9.996653164874185205e-01,9.996443944058301945e-01,9.996234718109192618e-01,9.996025487030151258e-01,9.995816250816287329e-01,9.995607009469268389e-01,9.995397762989829404e-01,9.995188511375053819e-01,9.994979254629876575e-01,9.994769992748814280e-01,9.994560725734840112e-01,9.994351453587239087e-01,9.994142176304909864e-01,9.993932893886093849e-01,9.993723606337048260e-01,9.993514313650848635e-01,9.993305015828559679e-01,9.993095712873051317e-01,9.992886404781073928e-01,9.992677091557198299e-01,9.992467773195869984e-01,9.992258449697910550e-01,9.992049121064808803e-01,9.991839787295579978e-01,9.991630448392790909e-01,9.991421104352008475e-01,9.991211755174543852e-01,9.991002400861441757e-01,9.990793041410553910e-01,9.990583676824613679e-01,9.990374307099509910e-01,9.990164932238414508e-01,9.989955552240205039e-01,9.989746167105008068e-01,9.989536776832192988e-01,9.989327381420101126e-01,9.989117980871490277e-01,9.988908575184460847e-01,9.988699164360176352e-01,9.988489748396505163e-01,9.988280327294939420e-01,9.988070901053540673e-01,9.987861469674169657e-01,9.987652033156967368e-01,9.987442591499222644e-01,9.987233144703094867e-01,9.987023692768215444e-01,9.986814235692356156e-01,9.986604773476341901e-01,9.986395306121854665e-01,9.986185833626292085e-01,9.985976355991449394e-01,9.985766873216070927e-01,9.985557385299803634e-01,9.985347892243079393e-01,9.985138394045379728e-01,9.984928890706973315e-01,9.984719382227739137e-01,9.984509868607296390e-01,9.984300349845336431e-01,9.984090825941293046e-01,9.983881296895982249e-01,9.983671762708689057e-01,9.983462223378601896e-01,9.983252678908273170e-01,9.983043129293988072e-01,9.982833574538089172e-01,9.982624014639267518e-01,9.982414449597722950e-01,9.982204879412545084e-01,9.981995304085676812e-01,9.981785723614362560e-01,9.981576137999246257e-01,9.981366547241726783e-01,9.981156951341062511e-01,9.980947350295423792e-01,9.980737744106513709e-01,9.980528132772290562e-01,9.980318516294547360e-01,9.980108894671285702e-01,9.979899267904207560e-01,9.979689635993298502e-01,9.979479998936076068e-01,9.979270356733989100e-01,9.979060709386653460e-01,9.978851056894632032e-01,9.978641399256744648e-01,9.978431736472594960e-01,9.978222068542155210e-01,9.978012395467028561e-01,9.977802717245618513e-01,9.977593033877009132e-01,9.977383345362369482e-01,9.977173651701001234e-01,9.976963952892807797e-01,9.976754248938027869e-01,9.976544539835218162e-01,9.976334825586042898e-01,9.976125106189698277e-01,9.975915381645428237e-01,9.975705651953092890e-01,9.975495917113262889e-01,9.975286177124880194e-01,9.975076431989078340e-01,9.974866681704207538e-01,9.974656926271622259e-01,9.974447165689857009e-01,9.974237399959325900e-01,9.974027629079856849e-01,9.973817853051747395e-01,9.973608071873916181e-01,9.973398285546415387e-01,9.973188494069490373e-01,9.972978697443092289e-01,9.972768895667240008e-01,9.972559088741084210e-01,9.972349276663924345e-01,9.972139459437956432e-01,9.971929637059968599e-01,9.971719809531973677e-01,9.971509976852942492e-01,9.903845020889756601e-01
0.000000000000000000e+00,9.881945045928779425e-01,9.881924429654833641e-01,9.881903813441456075e-01,9.881883196818459503e-01,9.881862579890516862e-01,9.881841962663510115e-01,9.881821345089253361e-01,9.881800727282182839e-01,9.881780109060734896e-01,9.881759490531666357e-01,9.881738871685408210e-01,9.881718252508027156e-01,9.881697633074556508e-01,9.881677013274590138e-01,9.881656393148328110e-01,9.881635772669449258e-01,9.881615151935463359e-01,9.881594530861098624e-01,9.881573909443932546e-01,9.881553287712117051e-01,9.881532665693545381e-01,9.881512043321146743e-01,9.881491420649324287e-01,9.881470797629654523e-01,9.881450174321789737e-01,9.881429550674730722e-01,9.881408926698065365e-01,9.881388302434944704e-01,1.000000000000000000e+00,9.999981899190744095e-01,9.999963798089374079e-01,9.999945696696763697e-01,9.999927595021163018e-01,9.999909493055278986e-01,9.999891390784605427e-01,9.999873288241147851e-01,9.999855185410273517e-01,9.999837082289199097e-01,9.999818978876771070e-01,9.999800875182650595e-01,9.999782771174746676e-01,9.999764666896892029e-01,9.999746562338603928e-01,9.999728457469441167e-01,9.999710352330531959e-01,9.999692246891797032e-01,9.999674141161533081e-01,9.999656035138112520e-01,9.999637928835848344e-01,9.999619822246264000e-01,9.999601715360123544e-01,9.999583608189035466e-01,9.999565500722693567e-01,9.999547392977696791e-01,9.999529284938569740e-01,9.999511176610643703e-01,9.999493067994402740e-01,9.999474959089286186e-01,9.999456849892300880e-01,9.999438740403829851e-01,9.999420630630717621e-01,9.999402520568753117e-01,9.999384410216674013e-01,9.999366299575899175e-01,9.999348188643077950e-01,9.999330077419222862e-01,9.999311965924143619e-01,9.999293854126916070e-01,9.999275742031191738e-01,9.999257629651442381e-01,9.999239516985607423e-01,9.999221404035806282e-01,9.999203290789987486e-01,9.999185177261865620e-01,9.999167063439506897e-01,9.999148949330454172e-01,9.999130834925354927e-01,9.999112720236241758e-01,9.999094605258644908e-01,9.999076489995041284e-01,9.999058374433729135e-01,9.999040258587977847e-01,9.999022142452511641e-01,9.999004026026754310e-01,9.998985909312719800e-01,9.998967792315045511e-01,9.998949675019582761e-01,9.998931557438991424e-01,9.998913439567002071e-01,9.998895321410239401e-01,9.998877202963170063e-01,9.998859084224952509e-01,9.998840965197418607e-01,9.998822845876131904e-01,9.998804726275417609e-01,9.998786606383315290e-01,9.998768486196299987e-01,9.998750365724778932e-01,9.998732244964187998e-01,9.998714123905340090e-01,9.998696002564898544e-01,9.998677880936073237e-01,9.998659759020023241e-01,9.998641636809302291e-01,9.998623514311368865e-01,9.998605391528171404e-01,9.998587268449583565e-01,9.998569145084124088e-01,9.998551021432511288e-01,9.998532897482708126e-01,9.998514773252380472e-01,9.998496648728534275e-01,9.998478523916741745e-01,9.998460398816181316e-01,9.998442273428050919e-01,9.998424147745926804e-01,9.998406021777935804e-01,9.998387895521183566e-01,9.998369768972594773e-01,9.998351642137318640e-01,9.998333515010376926e-01,9.998315387593710302e-01,9.998297259893200728e-01,9.998279131898974992e-01,9.998261003614432596e-01,9.998242875043859001e-01,9.998224746180006672e-01,9.998206617030173105e-01,9.998188487586181505e-01,9.998170357859580415e-01,9.998152227839891548e-01,9.998134097534350229e-01,9.998115966935863241e-01,9.998097836044899100e-01,9.998079704871687401e-01,9.998061573404687374e-01,9.998043441655615204e-01,9.998025309610507616e-01,9.998007177276456714e-01,9.997989044654745916e-01,9.997970911739616495e-01,9.997952778540074581e-01,9.997934645050404745e-01,9.997916511269100415e-01,9.997898377198131126e-01,9.997880242842440701e-01,9.997862108191747366e-01,9.997843973252694694e-01,9.997825838028092660e-01,9.910367814936580366e-01
0.000000000000000000e+00,1.000000000000000000e+00,9.999805033118799313e-01,9.999610066072144310e-01,9.999415091180010595e-01,9.999220111135497246e-01,9.999025126067752067e-01,9.998830136100239629e-01,9.998635140246630026e-01,9.998440138791169218e-01,9.998245132088874332e-01,9.998050119796838553e-01,9.997855101759963725e-01,9.997660078596232180e-01,9.997465049935644332e-01,9.997270015821423383e-01,9.997074976415050163e-01,9.996879931463522606e-01,9.996684880984065824e-01,9.996489824828539428e-01,9.996294763731843336e-01,9.996099696756443054e-01,9.995904624477959244e-01,9.995709546643615218e-01,9.995514463446740772e-01,9.995319374788799172e-01,9.995124280743080680e-01,9.994929181165886911e-01,9.994734076121946087e-01,9.994538965575988643e-01,9.994343849703469784e-01,9.994148728304264040e-01,9.993953601464691250e-01,9.993758469107476561e-01,9.993563331330389543e-01,9.993368188127186302e-01,9.993173039347581499e-01,9.992977885341538524e-01,9.992782725654451026e-01,9.992587560536856373e-01,9.992392390030733207e-01,9.992197214087733537e-01,9.992002032581485116e-01,9.991806845719519714e-01,9.991611653440666263e-01,9.991416455520213402e-01,9.991221252243290829e-01,9.991026043565454096e-01,9.990830829270790359e-01,9.990635609629202607e-01,9.990440384489389647e-01,9.990245153958399182e-01,9.990049917854522121e-01,9.989854676292122537e-01,9.989659429266045665e-01,9.989464176823711350e-01,9.989268918949426590e-01,9.989073655600915203e-01,9.988878386768069717e-01,9.988683112419934895e-01,9.988487832706051117e-01,9.988292547438762936e-01,9.988097256737252794e-01,9.987901960585835459e-01,9.987706658981139185e-01,9.987511351899801548e-01,9.987316039315732308e-01,9.987120721330854378e-01,9.986925397823376294e-01,9.986730068877562871e-01,9.986534734481612441e-01,9.986339394601945196e-01,9.986144049184365601e-01,9.985948698420477054e-01,9.985753342109999764e-01,9.985557980378596543e-01,9.985362613122884534e-01,9.985167240461222393e-01,9.984971862279065080e-01,9.984776478667500843e-01,9.984581089535463638e-01,9.984385695012147899e-01,9.984190294929397025e-01,9.983994889512703974e-01,9.983799478480430700e-01,9.983604062092353848e-01,9.983408640149965541e-01,9.983213212779172840e-01,9.983017779921532497e-01,9.982822341604368210e-01,9.982626897835449320e-01,9.982431448574818900e-01,9.982235993833744603e-01,9.982040533619186418e-01,9.981845067951922168e-01,9.981649596780642897e-01,9.981454120164030552e-01,9.981258638095352742e-01,9.981063150506174209e-01,9.980867657436454099e-01,9.980672158955787854e-01,9.980476654971407457e-01,9.980281145544501742e-01,9.980085630563531041e-01,9.979890110189382213e-01,9.979694584319728223e-01,9.979499052953428873e-01,9.979303516135226149e-01,9.979107973839552725e-01,9.978912426037431782e-01,9.978716872820498907e-01,9.978521314061995495e-01,9.978325749874579209e-01,9.978130180173149233e-01,9.977934605028643267e-01,9.977739024401020007e-01,9.977543438299010248e-01,9.977347846715165502e-01,9.977152249647142090e-01,9.976956647085085672e-01,9.976761039082328031e-01,9.976565425616170657e-01,9.976369806633441639e-01,9.976174182180757022e-01,9.975978552230891916e-01,9.975782916846361870e-01,9.975587275958367472e-01,9.975391629586801701e-01,9.975195977735205055e-01,9.975000320403293319e-01,9.974804657609149805e-01,9.974608989325368658e-01,9.974413315575120231e-01,9.974217636318997160e-01,9.974021951564895350e-01,9.973826261401038673e-01,9.973630565710404072e-01,9.973434864514932885e-01,9.973239157881137462e-01,9.973043445746681002e-01,9.972847728143617863e-01,9.972652005047858426e-01,9.972456276479044757e-01,9.972260542437938469e-01,9.972064802852188548e-01,9.971869057840176964e-01,9.971673307327665325e-01,9.971477551358808311e-01,9.971281789840245047e-01,9.971086022891960665e-01,9.918982570008404442e-01
0.000000000000000000e+00,1.000000000000000000e+00,9.999784165101257560e-01,9.999568319843724629e-01,9.999352464311963562e-01,9.999136598558594491e-01,9.998920722526607463e-01,9.998704836234768578e-01,9.998488939676981602e-01,9.998273032856255238e-01,9.998057115761983527e-01,9.997841188418963299e-01,4.416355481563981611e-01,4.416391137152594348e-01,4.416426789872472947e-01,4.416462439778724991e-01,4.416498086771748488e-01,4.416533730985297002e-01,4.416569372290951034e-01,4.416605010771272877e-01,4.416640646432143380e-01,4.416676279235183800e-01,4.416711909171202599e-01,4.416747536244553518e-01,4.416783160487320337e-01,4.416818781891389545e-01,4.416854400450445084e-01,4.416890016166887811e-01,4.416925629006127618e-01,4.416961239029195685e-01,4.416996846187615788e-01,4.417032450528239340e-01,4.417068051980311272e-01,4.417103650626604261e-01,4.417139246392238205e-01,4.417174839338941505e-01,4.417210429431754348e-01,4.417246016664176933e-01,4.417281601061851526e-01,4.417317182620738580e-01,4.417352761329197963e-01,4.417388337193994818e-01,4.417423910208244098e-01,4.417459480390850124e-01,4.417495047709059652e-01,4.417530612200293305e-01,4.417566173841365185e-01,4.417601732641880941e-01,4.417637288587960009e-01,4.417672841692264485e-01,4.417708391962184566e-01,4.417743939390680885e-01,4.417779483970497023e-01,4.417815025699926013e-01,4.417850564591423446e-01,4.417886100650580405e-01,4.417921633857591068e-01,4.417957164207049203e-01,4.417992691742743117e-01,4.418028216427681287e-01,4.418063738263241502e-01,4.418099257261892121e-01,4.418134773417063399e-01,4.418170286727495788e-01,4.418205797199385443e-01,4.418241304833863126e-01,4.418276809617545653e-01,4.418312311565833483e-01,4.418347810676760967e-01,4.418383306945920519e-01,4.418418800367951982e-01,4.418454290951966401e-01,4.418489778704470239e-01,4.418525263604378139e-01,4.418560745667312606e-01,4.418596224897921032e-01,4.418631701277788704e-01,4.418667174830336886e-01,4.418702645540528162e-01,4.418738113404334644e-01,4.418773578441949623e-01,4.418809040626722751e-01,4.418844499975352891e-01,4.418879956494539685e-01,4.418915410164078184e-01,4.418950861005008224e-01,4.418986308998233414e-01,4.419021754164353388e-01,4.419057196485859373e-01,4.419092635965395366e-01,4.272387573866455734e-01,4.272383236201651169e-01,4.272330108327101472e-01,4.272277716602201347e-01,4.272261791347953253e-01,4.272262267402930913e-01,4.272165793844820980e-01,4.272168868709114720e-01,4.272124800084090013e-01,4.272114014102613155e-01,4.272057303621253355e-01,4.272033467473403956e-01,4.271994387292879503e-01,4.271957962481826021e-01,4.271936909092036716e-01,4.271888323050341829e-01,4.271855046869943995e-01,4.271793886364459447e-01,4.271778037428629049e-01,4.271748847584014297e-01,4.271706680318207439e-01,4.271694166102798507e-01,4.271639624264347845e-01,4.271601625073628283e-01,4.271577671982470514e-01,4.271555840120908054e-01,4.271534046564973153e-01,4.271499924080858213e-01,4.271440527402609599e-01,4.271448522156334748e-01,4.271378812010743209e-01,4.271362621026405515e-01,4.271334514150958994e-01,4.271306541405548440e-01,4.271242751639849344e-01,4.271204696525855438e-01,4.271181223169168706e-01,4.271145485139320463e-01,4.271098693415252834e-01,4.271089621118856483e-01,4.271033147552238396e-01,4.271013965968449289e-01,4.270971960999560002e-01,4.270953813264674603e-01,4.270925729627015333e-01,4.270920943619320731e-01,4.270837138432125868e-01,4.270788524457109769e-01,4.270820555370273830e-01,4.270751370638687927e-01,4.270717264423700699e-01,4.270673098650547006e-01,4.270630105731180737e-01,4.270621090650638663e-01,4.270601048478935291e-01,4.270528683124119040e-01,4.270510619220350690e-01,4.270494146261287205e-01,4.270477616977994550e-01,4.270419821789914194e-01,4.739033111309686186e-01
0.000000000000000000e+00,8.632329857337852630e-01,8.632210898980512415e-01,8.632091941792884304e-01,8.631972986453576580e-01,8.631854033086894251e-01,8.631735081251333819e-01,8.631616131198163178e-01,8.631497182588766526e-01,8.631378235709947777e-01,8.631259290818554808e-01,8.631140347167608473e-01,8.631021405425366444e-01,8.630902465300687165e-01,1.000000000000000000e+00,9.999728416063888847e-01,9.999456827952205584e-01,9.999185236052275938e-01,9.998913640665421099e-01,9.998642041594641983e-01,9.998370439075628946e-01,9.998098832589642493e-01,9.997827222637695188e-01,9.997555609047614755e-01,9.997283991665368852e-01,9.997012370522939673e-01,9.996740746071202111e-01,9.996469117971991114e-01,9.996197485830221607e-01,9.995925850428977188e-01,9.995654211066262729e-01,9.995382568305275495e-01,9.995110921822728534e-01,9.994839271605573394e-01,9.994567617856965347e-01,9.994295960341516016e-01,9.994024299225900965e-01,9.993752634372157218e-01,9.993480965977857844e-01,9.993209293926620385e-01,9.992937618133094224e-01,9.992665938800385783e-01,9.992394255772738543e-01,9.992122569052405145e-01,9.991850878665435864e-01,9.991579184690048132e-01,9.991307487036779067e-01,9.991035785793473956e-01,9.990764080791120216e-01,9.990492372248630515e-01,9.990220659933554126e-01,9.989948944014203080e-01,9.989677224477834239e-01,9.989405501308474822e-01,9.989133774490004392e-01,9.988862043869110030e-01,9.988590309794892486e-01,9.988318571883278985e-01,9.988046830434544887e-01,9.987775085291362709e-01,9.987503336563342549e-01,9.987231584144332652e-01,9.986959827996787498e-01,9.986688068288445130e-01,9.986416304945543443e-01,9.986144537980714553e-01,9.985872767274633910e-01,9.985600992883522098e-01,9.985329214928483355e-01,9.985057433306185892e-01,9.984785647977955092e-01,9.984513859079806597e-01,9.984242066408416383e-01,9.983970270170584582e-01,9.983698470338975284e-01,9.983426666763819401e-01,9.983154859549266957e-01,9.982883048703125040e-01,9.982611234192736438e-01,9.982339416002937726e-01,9.982067594227846952e-01,9.981795768769010646e-01,9.981523939648244692e-01,9.981252106856587369e-01,9.980980270462220805e-01,9.980708430336699966e-01,9.980436586683714140e-01,9.980164739224779424e-01,9.979892888229318082e-01,9.979621033557797283e-01,9.979349175222340662e-01,9.979077313233095659e-01,9.978805447589033095e-01,9.978533578303844243e-01,9.978261705370696788e-01,9.977989828764773916e-01,9.977717948542323967e-01,9.977446064645768553e-01,9.977174177090896157e-01,9.976902285894453382e-01,9.976630391023073585e-01,9.976358492498228481e-01,9.976086590394005471e-01,9.975814684526468357e-01,9.975542775030340481e-01,9.975270861958033253e-01,9.974998945186812627e-01,9.974727024809235676e-01,9.974455100714499922e-01,9.974183172987395318e-01,9.973911241578518050e-01,9.973639306605033283e-01,9.973367367876427858e-01,9.973095425569065142e-01,9.972823479559277393e-01,9.972551529939729376e-01,9.972279576660278977e-01,9.972007619720999472e-01,9.971735659118089456e-01,9.971463694878396344e-01,9.971191726934208743e-01,9.970919755440498244e-01,9.970647780235485369e-01,9.970375801370907620e-01,9.970103818848076171e-01,9.969831832708708763e-01,9.969559842897073310e-01,9.969287849423119630e-01,9.969015852286916557e-01,9.968743851546617574e-01,9.968471847107290840e-01,9.968199839051398170e-01,9.967927827311141575e-01,9.967655811904272412e-01,9.967383792905664119e-01,9.967111770213842314e-01,9.966839743848161515e-01,9.966567713882389379e-01,9.966295680266183954e-01,9.966023642983922182e-01,9.965751602022070443e-01,9.965479557449683501e-01,9.965207509178471978e-01,9.964935457255857942e-01,9.964663401716876701e-01,9.964391342508028826e-01,9.964119279636115545e-01,9.963847213127876579e-01,9.963575142972700416e-01,9.963303069181785876e-01,9.798109115555110327e-01
0.000000000000000000e+00,9.807925853305811126e-01,9.807816360670074118e-01,9.807706864679066605e-01,9.807597365000444434e-01,9.807487861978900767e-01,9.807378355434838157e-01,9.807268845350251008e-01,9.807159331796915236e-01,9.807049814759786210e-01,9.806940294221052623e-01,9.806830770151483412e-01,9.806721242632775448e-01,9.806611711553894217e-01,9.806502177011600097e-01,9.806392638974659182e-01,1.000000000000000000e+00,9.999995873399994961e-01,9.999991745613682204e-01,9.999987616663038592e-01,9.999983486564087976e-01,9.999979355256085611e-01,9.999975222794531549e-01,9.999971089162731364e-01,9.999966954347119241e-01,9.999962818373795415e-01,9.999958681211634781e-01,9.999954542888573883e-01,9.999950403405815091e-01,9.999946262734740188e-01,9.999942120901653686e-01,9.999937977886297347e-01,9.999933833692078444e-01,9.999929688344201262e-01,9.999925541816302443e-01,9.999921394123201246e-01,9.999917245242390118e-01,9.999913095206033331e-01,9.999908943985756915e-01,9.999904791594739217e-01,9.999900638025165378e-01,9.999896483289086868e-01,9.999892327370629719e-01,9.999888170290842648e-01,9.999884012032010938e-01,9.999879852605770836e-01,9.999875692004690508e-01,9.999871530225548089e-01,9.999867367280527164e-01,9.999863203154087943e-01,9.999859037856476673e-01,9.999854871393243361e-01,9.999850703743009550e-01,9.999846534931571274e-01,9.999842364936569750e-01,9.999838193773180617e-01,9.999834021433963160e-01,9.999829847919526893e-01,9.999825673236615309e-01,9.999821497380741997e-01,9.999817320347658134e-01,9.999813142130838939e-01,9.999808962749819896e-01,9.999804782192212027e-01,9.999800600459508582e-01,9.999796417556801043e-01,9.999792233475038872e-01,9.999788048223464676e-01,9.999783861795560336e-01,9.999779674192279533e-01,9.999775485413883169e-01,9.999771295458349529e-01,9.999767104331396261e-01,9.999762912029361850e-01,9.999758718552548276e-01,9.999754523900336034e-01,9.999750328070933225e-01,9.999746131067324129e-01,9.999741932892194374e-01,9.999737733539055817e-01,9.999733533014022457e-01,9.999729331303380819e-01,9.999725128427152665e-01,9.999720924371434672e-01,9.999716719141890087e-01,9.999712512732557013e-01,9.999708305157207766e-01,9.999704096397445952e-01,9.999699886465672760e-01,9.999695675351890634e-01,9.999691463069375619e-01,9.999687249609914286e-01,9.999683034971348361e-01,9.999678819159464327e-01,9.999674602166989112e-01,9.999670384004392121e-01,9.999666164665250712e-01,9.999661944144839776e-01,9.999657722451976705e-01,9.999653499579246319e-01,9.999649275533457615e-01,9.999645050305483451e-01,9.999640823905061593e-01,9.999636596329856131e-01,9.999632367574111669e-01,9.999628137640705905e-01,9.999623906533685602e-01,9.999619674247851586e-01,9.999615440788695020e-01,9.999611206145880837e-01,9.999606970332177713e-01,9.999602733337422666e-01,9.999598495167801859e-01,9.999594255818471389e-01,9.999590015292580958e-01,9.999585773587252868e-01,9.999581530709670263e-01,9.999577286651046837e-01,9.999573041417034736e-01,9.999568795000570720e-01,9.999564547408729132e-01,9.999560298643083156e-01,9.999556048695988908e-01,9.999551797568733136e-01,9.999547545264757531e-01,9.999543291783395960e-01,9.999539037125146912e-01,9.999534781285663865e-01,9.999530524269033549e-01,9.999526266076125269e-01,9.999522006701271337e-01,9.999517746150764497e-01,9.999513484422076770e-01,9.999509221513687152e-01,9.999504957426992302e-01,9.999500692161440440e-01,9.999496425717786519e-01,9.999492158092990746e-01,9.999487889290148424e-01,9.999483619310951532e-01,9.999479348149383773e-01,9.999475075810213553e-01,9.999470802291607896e-01,9.999466527595469723e-01,9.999462251718519434e-01,9.999457974661866144e-01,9.999453696425937288e-01,9.999449417012782337e-01,9.999445136413925850e-01,9.999440854641610255e-01,9.913801048000840943e-01
0.000000000000000000e+00,7.958185031958444622e-01,7.252138118181765680e-01,7.771597487776378266e-01,7.602643893069983561e-01,7.771343900936662497e-01,7.363996505287992989e-01,7.843181031275339166e-01,8.534212325256382847e-01,6.763733533684852528e-01,5.914190915811048388e-01,8.533734364766439873e-01,6.769039507823629842e-01,8.007262000908610400e-01,7.239519068364094201e-01,8.006935325168039741e-01,7.841790160729299464e-01,7.830119470141263527e-01,1.000000000000000000e+00,7.263640188995673652e-01,7.050786641600654825e-01,7.206276044536700232e-01,9.999285927544462327e-01,7.840708605632998873e-01,8.367992417165270869e-01,8.005302220452171769e-01,5.998054727670514286e-01,8.531185926850334278e-01,7.205164509472292700e-01,7.262056344600328339e-01,8.530708223162501991e-01,9.997679554147611558e-01,7.204529438901292604e-01,8.530230559823018810e-01,7.381906967157273458e-01,7.767541658639662838e-01,7.236053873904172429e-01,8.529593738516776380e-01,7.767161594180210793e-01,8.529275354938331555e-01,7.235424054471424338e-01,7.260156284487814249e-01,8.002526988946102593e-01,8.528638641479185933e-01,8.002200577778133539e-01,8.002037378898321229e-01,7.212596045781074494e-01,7.379747853417329972e-01,6.247315917852207523e-01,6.247233682903114982e-01,8.364069121798338724e-01,7.247818320015440019e-01,8.527206299619208840e-01,8.363616613734938809e-01,7.835921315159519729e-01,7.257940310776634929e-01,7.835612595064931352e-01,6.246575909371503421e-01,6.246493701025217504e-01,7.232433319936107941e-01,6.741249242962343846e-01,7.256990859219183410e-01,8.525615235973839079e-01,8.362108522090638818e-01,6.614975958604075723e-01,8.525138004543293402e-01,8.524978936363365456e-01,7.833914931911053481e-01,7.982255713667951724e-01,8.524501758877939261e-01,7.997958889910034008e-01,7.997795809599518302e-01,8.524024621875079255e-01,7.401732965932777963e-01,8.523706553017544874e-01,8.523547525315456896e-01,7.996980476122739212e-01,7.996817423021637117e-01,8.510266903587628828e-01,7.229286796637856005e-01,6.612391975783450393e-01,8.359394998438145485e-01,7.831600747796315654e-01,7.831446502134811194e-01,7.831292260572016994e-01,7.815997748408681778e-01,6.244193067540741993e-01,6.244110944951097864e-01,8.508681175478280956e-01,6.243946708612954088e-01,7.994698147675467492e-01,8.521003693364661569e-01,8.357737392711001023e-01,7.994209193316839102e-01,7.994046217679841027e-01,8.520367915042301732e-01,7.371616558175233536e-01,7.371450726891308758e-01,8.519891128511233314e-01,7.371119077892538396e-01,7.370953260284828223e-01,7.225827537101445763e-01,7.992742575979869812e-01,7.992579641246132516e-01,7.225355975375671314e-01,8.518778783724098025e-01,7.992090864316419019e-01,8.518461011342037814e-01,8.518302131861341664e-01,7.991602128320508536e-01,7.975432954769245963e-01,8.517825520425366115e-01,6.242058839815803895e-01,7.248768593774819191e-01,8.354423679617335452e-01,7.792486054511050808e-01,8.517031257835555591e-01,6.241648640208105059e-01,7.367969318175626725e-01,8.516554754123282223e-01,7.961718034520030018e-01,7.810465912148085721e-01,7.989484745151939071e-01,7.222370283604460095e-01,8.515760671025059958e-01,7.366809293123128821e-01,8.515443069212964566e-01,8.515284275044717743e-01,7.976367383335460914e-01,7.366146521434083771e-01,8.514807919419526971e-01,7.365815162753162060e-01,8.514490371467386964e-01,8.514331604153113631e-01,8.514172841399907377e-01,7.987368130156466961e-01,8.513855329291645235e-01,8.513696579983260904e-01,8.513537835159382672e-01,8.513379094812237868e-01,8.513220358965242207e-01,7.364158641515108350e-01,8.512902900641796666e-01,8.512744178277187324e-01,6.602066732346756339e-01,7.175972074029934866e-01,8.349607297364424197e-01,7.810116430220088724e-01,7.985252282935988433e-01,8.511791937981674216e-01,7.771875978773618021e-01
0.000000000000000000e+00,9.815226764093802903e-01,9.814963895087535084e-01,9.814701022944564146e-01,9.814438148036659371e-01,9.814175270356433334e-01,9.813912390039973843e-01,9.813649506943608047e-01,9.813386620945653283e-01,9.813123732401005661e-01,9.812860840976437293e-01,9.812597946837438023e-01,9.812335049857384695e-01,9.812072150188643205e-01,9.811809247742626638e-01,9.811546342531058951e-01,9.811283434545458038e-01,9.811020523849784958e-01,9.810757610276920060e-01,9.810494694012206196e-01,9.810231774988795728e-01,9.809968853200771166e-01,1.000000000000000000e+00,9.999734491680204451e-01,9.999468980335219914e-01,9.999203466048862676e-01,9.998937948747654847e-01,9.998672428439346893e-01,9.998406905102777964e-01,9.998141378854131789e-01,9.997875849559134664e-01,9.997610317243350586e-01,9.997344781968964256e-01,9.997079243692520434e-01,9.996813702461724294e-01,9.996548158215413649e-01,9.996282610949660530e-01,9.996017060727828696e-01,9.995751507496434263e-01,9.995485951258187285e-01,9.995220392045471858e-01,9.994954829823378128e-01,9.994689264623163316e-01,9.994423696397618517e-01,9.994158125232173173e-01,9.993892551039165184e-01,9.993626973845518568e-01,9.993361393686007732e-01,4.513472918752207685e-01,4.513861108554715340e-01,4.513778287275982959e-01,4.513357738055516211e-01,4.513627202398092786e-01,4.513824941992062856e-01,4.513269915101861818e-01,4.513848813068030985e-01,4.513412532109160047e-01,4.513358437252649180e-01,4.513307704886839189e-01,4.513055376189008538e-01,4.513159927275380845e-01,4.513405752536961968e-01,4.513591103028614659e-01,4.513270219967478458e-01,4.513233797147704340e-01,4.513468743271902839e-01,4.513249994400903575e-01,4.513088971820082840e-01,4.512676902896167186e-01,4.512862961461330258e-01,4.513092637529153017e-01,4.512824705558515781e-01,4.513004601030989882e-01,4.512747610755568628e-01,4.512853044866897423e-01,4.512840300152964890e-01,4.512670149807254671e-01,4.512889386478331488e-01,4.512655909805198262e-01,4.512719151214238944e-01,4.512605073034945957e-01,4.512602786170403779e-01,4.512921403620928640e-01,4.512666690150982096e-01,4.512458758844679618e-01,4.512873737076232850e-01,4.512365325917751524e-01,4.512534631921677475e-01,4.512242272390198372e-01,4.512350310407949316e-01,4.512225699701840065e-01,4.512429517149450509e-01,4.512154786268660067e-01,4.512168873157765825e-01,4.512055223598514520e-01,4.512163911745199485e-01,4.512180189148340959e-01,4.512016780943134409e-01,4.512091297713632931e-01,4.512198757997717968e-01,4.512042681344106687e-01,4.512117328275018768e-01,4.511795409852156213e-01,4.511989826888212485e-01,4.511676977953359424e-01,4.511755617524161877e-01,4.511617476100469593e-01,4.511809549073330650e-01,4.511675072840996004e-01,4.511834264497167624e-01,4.511624118660622629e-01,4.511654828069504575e-01,4.511685768184174328e-01,4.511610223140403164e-01,4.511565847308754429e-01,4.511446969603882251e-01,4.511481635861873674e-01,4.511263960062070200e-01,4.511226966757805878e-01,4.511558702360535245e-01,4.511375595855243725e-01,4.511241140911300129e-01,4.511351741817618555e-01,4.511176903405539340e-01,4.511287646439302024e-01,4.511230946000036601e-01,4.510993903251866444e-01,4.510967823243605679e-01,4.511147776424963562e-01,4.511028850710059324e-01,4.511139643130800403e-01,4.510915654658986806e-01,4.510894452042792935e-01,4.511005723851060356e-01,4.510699783688258968e-01,4.510747359051859307e-01,4.510859178193333263e-01,4.510778505256034521e-01,4.510802455582386128e-01,4.510787520112702897e-01,4.510710952951614838e-01,4.510512037094474014e-01,4.510601248185391321e-01,4.510468257318764884e-01,4.510459177769851058e-01,4.510450823255010566e-01,4.510443178941375142e-01,4.510294829387668236e-01,4.510407703821006642e-01,4.510343558526619945e-01,6.174710681987802818e-01
0.000000000000000000e+00,1.000000000000000000e+00,9.999861489842312157e-01,9.999722978197294054e-01,9.999584462537554064e-01,9.999445944738272196e-01,9.999307423092428371e-01,9.999168898407099215e-01,9.999030370647696842e-01,9.998891839608005094e-01,9.998753305396712587e-01,9.998614768229712180e-01,9.998476227687208562e-01,9.998337684176648033e-01,9.998199137464153230e-01,9.998060587494131957e-01,9.997922034511896872e-01,9.997783478412495262e-01,9.997644919030196364e-01,9.997506356498347957e-01,9.997367790969906576e-01,9.997229222162128393e-01,9.997090650223116048e-01,9.996952075138278992e-01,9.996813496880068151e-01,9.996674915498579006e-01,9.996536330930866354e-01,9.996397743275640124e-01,9.996259152429488593e-01,9.996120558414045565e-01,9.995981961280094863e-01,9.995843360933439614e-01,9.995704757511421068e-01,9.995566150896806334e-01,9.995427541134154215e-01,9.995288928246397475e-01,9.995150312204933440e-01,9.995011692934726577e-01,9.994873070580211349e-01,9.994734445016484337e-01,9.994595816344485906e-01,9.994457184536145178e-01,9.994318549555420983e-01,9.994179911398914928e-01,9.994041270086098105e-01,9.993902625634687453e-01,9.993763978012208948e-01,9.993625327287157800e-01,9.993486673314085911e-01,9.993348016260099609e-01,9.993209356040794189e-01,9.993070692632044505e-01,9.992932026076093432e-01,9.992793356411784345e-01,9.992654683537548488e-01,9.992516007554417268e-01,9.992377328360366739e-01,9.992238646033951843e-01,9.992099960606458664e-01,9.991961271958791357e-01,9.991822580146860755e-01,9.991683885192418346e-01,9.991545187111197102e-01,9.991406485847416086e-01,9.991267781405738235e-01,9.991129073846721775e-01,9.990990363119981454e-01,9.990851649213065011e-01,9.990712932175033201e-01,9.990574211961872342e-01,9.990435488603054415e-01,9.990296762069570402e-01,9.990158032386794451e-01,9.990019299555521481e-01,9.989880563567480332e-01,9.989741824418029159e-01,9.989603082091944586e-01,9.989464336605626826e-01,9.989325587984243526e-01,9.989186836191462637e-01,9.989048081228452114e-01,9.988909323126182738e-01,9.988770561859725561e-01,9.988631797437164117e-01,9.988493029826076564e-01,9.988354259085153730e-01,9.988215485170035546e-01,9.988076708085560362e-01,9.987937927873735688e-01,9.987799144479966307e-01,9.987660357932574007e-01,9.987521568217229140e-01,9.987382775358240039e-01,9.987243979315156839e-01,9.987105180120329218e-01,9.986966377767496628e-01,9.986827572230425609e-01,9.986688763557156623e-01,9.986549951708001416e-01,9.986411136711513814e-01,9.986272318538167436e-01,9.986133497230224032e-01,9.985994672716332898e-01,9.985855845072424408e-01,9.985717014264425817e-01,9.985578180282347338e-01,9.985439343144869584e-01,9.985300502845187998e-01,9.985161659363439579e-01,9.985022812732599062e-01,9.984883962941886182e-01,9.984745109993510281e-01,9.984606253874392934e-01,9.984467394602810630e-01,9.984328532143089685e-01,9.984189666535963070e-01,9.984050797755981144e-01,9.983911925814357158e-01,9.983773050699358276e-01,9.983634172429702858e-01,9.983495290997633775e-01,9.983356406403611771e-01,9.983217518641415156e-01,9.983078627715195053e-01,9.982939733607845145e-01,9.982800836347962559e-01,9.982661935924390662e-01,9.982523032343604275e-01,9.982384125587081547e-01,9.982245215665388471e-01,9.982106302571756018e-01,9.981967386319400282e-01,9.981828466899173025e-01,9.981689544318883556e-01,9.981550618558808763e-01,9.981411689630569350e-01,9.981272757549600749e-01,9.981133822302362679e-01,9.980994883881485480e-01,9.980855942278249460e-01,9.980716997535410417e-01,9.980578049593331613e-01,9.980439098510321960e-01,9.980300144241730509e-01,9.980161186826623787e-01,9.980022226236722194e-01,9.979883262465072402e-01,9.979744295536029375e-01,9.979605325425384699e-01,9.979466352167304377e-01,9.923140643186147969e-01
0.000000000000000000e+00,1.000000000000000000e+00,9.999593266808267655e-01,9.999186532484676260e-01,9.998779798479972003e-01,9.998373064428778267e-01,9.997966330224035136e-01,9.997559595658248588e-01,9.997152861331869422e-01,9.996746126818374378e-01,9.996339392235151777e-01,9.995932657387817111e-01,9.995525922661216978e-01,9.995119187693063401e-01,9.994712452718276241e-01,9.994305717587909088e-01,9.993898982368437656e-01,9.993492247086410707e-01,9.993085511650683372e-01,9.992678776160920373e-01,9.992272040562532043e-01,9.991865304839414597e-01,9.991458569070892359e-01,9.991051833161893603e-01,9.990645097178605383e-01,9.990238361104546438e-01,9.989831624948944944e-01,9.989424888668927416e-01,9.989018152294119046e-01,9.988611415904276036e-01,9.988204679331670333e-01,9.987797942707997700e-01,9.987391205997196986e-01,9.986984469126117814e-01,9.986577732229685589e-01,9.986170995215732926e-01,9.985764258083453804e-01,9.985357520922598651e-01,9.984950783615039738e-01,9.984544046236841774e-01,9.979939244311717417e-01,9.979496214482476146e-01,9.979053183363956192e-01,9.978610150997094808e-01,9.978167117344988180e-01,9.977724082412795514e-01,9.977281046227605144e-01,9.976838008721683471e-01,9.976394969941212443e-01,9.975951929913537963e-01,9.975508888578311639e-01,9.975065845970910727e-01,9.974622802092276697e-01,9.974179756914602901e-01,9.973736710491627466e-01,9.973293662771095525e-01,9.972850613789440155e-01,9.972407563520685470e-01,9.971964511954118926e-01,9.971521459144777610e-01,9.971078405034476955e-01,9.970635349666976399e-01,9.970192292998859562e-01,9.969749235092719708e-01,9.969306175873886566e-01,9.968863115404894559e-01,9.968420053642351730e-01,9.967976990627046563e-01,9.967533926329839034e-01,9.967090860751334214e-01,9.966647793894669594e-01,9.966204725770927420e-01,9.965761656380459632e-01,9.965318585691833597e-01,9.964875513747581959e-01,9.964432440533572688e-01,9.963989366037903084e-01,9.963546290273614936e-01,9.963103213235695588e-01,9.962660134919241184e-01,9.962217055347025729e-01,9.961773974485303995e-01,9.961330892358636335e-01,9.960887808950451561e-01,9.960444724298058716e-01,9.960001638349602615e-01,9.959558551137872584e-01,9.959115462646894734e-01,9.958672372901661296e-01,9.958229281875331518e-01,9.957786189586117498e-01,9.957343096029789287e-01,9.956900001181849813e-01,9.956456905089502429e-01,9.956013807710448749e-01,9.955570709074491598e-01,9.955127609169538427e-01,9.954684507993076803e-01,9.954241405538654108e-01,9.953798301834778650e-01,9.953355196843816088e-01,9.952912090605487982e-01,9.952468983085697163e-01,9.952025874295318264e-01,9.951582764246637014e-01,9.951139652920816259e-01,9.950696540337379270e-01,9.950253426481987518e-01,9.949810311366006355e-01,9.949367194985906382e-01,9.948924077335041805e-01,9.948480958414693820e-01,9.948037838230862073e-01,9.947594716786636315e-01,9.947151594073189163e-01,9.946708470091899512e-01,9.946265344857936341e-01,9.945822218347176724e-01,9.945379090576210723e-01,9.944935961542703540e-01,9.944492831239598596e-01,9.944049699682578902e-01,9.943606566854112927e-01,9.943163432763122422e-01,9.942720297420066800e-01,9.942277160808425940e-01,9.941834022923230485e-01,9.941390883792972089e-01,9.940947743393514502e-01,9.940504601719692968e-01,9.940061458799344107e-01,9.939618314612235217e-01,9.939175169157399292e-01,9.938732022451600701e-01,9.938288874477457790e-01,9.937845725255813889e-01,9.937402574755168638e-01,9.936959423002016401e-01,9.936516270000387285e-01,9.936073115725233551e-01,9.935629960199036104e-01,9.935186803402322742e-01,9.934743645353053543e-01,9.934300486040744671e-01,9.933857325471667776e-01,9.933414163651759221e-01,9.932971000570325337e-01,9.932527836229615437e-01,9.932084670623868572e-01,9.931641503768416923e-01,9.898904582793109919e-01
0.000000000000000000e+00,1.000000000000000000e+00,9.999889552793012060e-01,9.999779104393576867e-01,9.999668643799188850e-01,9.999558181944321333e-01,9.999447712083489037e-01,9.999337240629886381e-01,9.999226760219673826e-01,9.999116275586156233e-01,9.999005785593575446e-01,9.998895289321223512e-01,9.998784789785667426e-01,9.998674282444722783e-01,9.998563771446066228e-01,9.998453255510370008e-01,9.998342733299839802e-01,9.998232205200767719e-01,9.998121673455843128e-01,9.998011135012390138e-01,9.997900592585994284e-01,9.997790043337723143e-01,9.997679489679076603e-01,9.997568930403618603e-01,9.997458365430200722e-01,9.997347796211588644e-01,9.997237221037882371e-01,9.997126640351025051e-01,9.997016054620332381e-01,9.996905463028290528e-01,9.996794867042947397e-01,9.996684265160969973e-01,9.996573657722412909e-01,9.996463045421304372e-01,9.996352427765955451e-01,9.996241804372197892e-01,9.996131176149344322e-01,9.996020542558410327e-01,9.995909903291172460e-01,9.995799258765706297e-01,9.995688609279111958e-01,9.995577953947899497e-01,9.995467293749145110e-01,9.995356627858849041e-01,9.995245956780954844e-01,9.995135280199450856e-01,9.995024598493066348e-01,9.994913911458993550e-01,9.994803218855170535e-01,9.994692521166532728e-01,9.994581818222029179e-01,9.994471109785095786e-01,9.994360396071469976e-01,9.994249677155160327e-01,9.994138952775803997e-01,9.994028223006142797e-01,9.993917487896005758e-01,9.993806747482734121e-01,9.993696001830640885e-01,9.993585250843785017e-01,9.993474494298477673e-01,9.993363732522621001e-01,9.993252965473505833e-01,9.993142193208587321e-01,9.993031415225642755e-01,9.992920632004539394e-01,9.992809843791928825e-01,9.992699049902495911e-01,9.992588250860519050e-01,9.992477446238136052e-01,9.992366636538386748e-01,9.992255821336016863e-01,9.992145000999755888e-01,9.992034175058865930e-01,9.991923344015675168e-01,9.991812507530403176e-01,9.991701665578778258e-01,9.991590818439290977e-01,9.991479965954357390e-01,9.991369108057274184e-01,9.991258244814038569e-01,9.991147376130372626e-01,9.991036502355047366e-01,9.990925623191985183e-01,9.990814738418763996e-01,9.990703848604115533e-01,9.990592953224345374e-01,9.990482052544008562e-01,9.990371146578502781e-01,9.990260235294646796e-01,9.990149318614638396e-01,9.990038396569173029e-01,9.989927469106790747e-01,9.989816536485819354e-01,9.989705598329764458e-01,9.989594654812569141e-01,9.989483706093522652e-01,9.989372752025318380e-01,9.989261792606070056e-01,9.989150827619794892e-01,9.989039857522717947e-01,9.988928881877836563e-01,9.988817900975572872e-01,9.988706914825716821e-01,9.988595923147978173e-01,9.988484926321714585e-01,9.988373924065191423e-01,9.988262916258706658e-01,9.988151903379595131e-01,9.988040884894804350e-01,9.987929861226823025e-01,9.987818832056388763e-01,9.987707797735123627e-01,9.987596757860579544e-01,9.987485712715473696e-01,9.987374662275297910e-01,9.987263606301464147e-01,9.987152545125522751e-01,9.987041478493774438e-01,9.986930406638140356e-01,9.986819329286331648e-01,9.986708246634921071e-01,9.986597158564626264e-01,9.986486065291034775e-01,9.986374966444722112e-01,9.986263862399792357e-01,9.986152752878970640e-01,9.986041638036531332e-01,9.985930517848728982e-01,9.985819392338626255e-01,9.985708261391217366e-01,9.985597125176388644e-01,9.985485983470050453e-01,9.985374836480437333e-01,9.985263684081034929e-01,9.985152526329225120e-01,9.985041363248650104e-01,9.984930194765796463e-01,9.984819020969539771e-01,9.984707841790043670e-01,9.984596657175844880e-01,9.984485467182837581e-01,9.984374271885222418e-01,9.984263071315337967e-01,9.984151865240142865e-01,9.984040653740057225e-01,9.983929436953422609e-01,9.983818214835961102e-01,9.983706987271717681e-01,9.983595754465107719e-01,9.925195515039727523e-01
0.000000000000000000e+00,5.506679712861181075e-01,5.506599884722164218e-01,5.506520057444268534e-01,5.506440229385619611e-01,5.506360401667952376e-01,5.506280573968015402e-01,5.506200746566387583e-01,5.506120919178840722e-01,5.506041091967165402e-01,5.505961264745227179e-01,5.361576329418218378e-01,5.505801610856645434e-01,5.505721784095984894e-01,5.505641957361991912e-01,5.505562130826276990e-01,5.505482304418183315e-01,4.786869403583730587e-01,5.505322651823911784e-01,5.106712076623793894e-01,5.505162999626758147e-01,5.505083173755741521e-01,5.505003347963752791e-01,5.106181633210259418e-01,5.504843696720241875e-01,5.105916397014600427e-01,5.504684045923040614e-01,5.360244044329470769e-01,5.504524395592711450e-01,7.309198212935529293e-01,7.010720338074239999e-01,7.308965657867200205e-01,5.104987994376922744e-01,6.871188361963986857e-01,7.308616773272272882e-01,7.308500464526039853e-01,7.308384148736174479e-01,7.308267826032434078e-01,5.104192126484612402e-01,7.308035159862684704e-01,5.103926817862044496e-01,7.307802465711124018e-01,7.307686108231954414e-01,7.307569743762555303e-01,7.307453372296218719e-01,7.307336993961379701e-01,7.307220608652338356e-01,7.307104216301536503e-01,1.000000000000000000e+00,7.306871410782331822e-01,7.306754997604029134e-01,7.306638577432478243e-01,7.306522150262088067e-01,6.502039306884047631e-01,7.306289275035476871e-01,7.306172827055208430e-01,6.501538868886806988e-01,7.305939910048350194e-01,7.305823441058378886e-01,7.305706965103312411e-01,7.305590482233621508e-01,7.305473992340285605e-01,6.500146141333092986e-01,7.305240991633493719e-01,7.305124480775742057e-01,7.305007962999301441e-01,6.498134404044539902e-01,7.304774906471035445e-01,7.304658367724645718e-01,6.497240556404418887e-01,7.304425269289479550e-01,7.304308709611890826e-01,7.304192142928599418e-01,5.632959311853523721e-01,6.865492062990531386e-01,6.495854421994605721e-01,7.303725806368078777e-01,6.495505622602201212e-01,6.494724691089173163e-01,7.303375980568871384e-01,7.303259358005583790e-01,7.303142728460375599e-01,5.631686206205703815e-01,5.631544728990450777e-01,7.302792797755764953e-01,7.302676140231103563e-01,6.492375428404141280e-01,7.302442804146900279e-01,6.639957349105762852e-01,7.302209440085487557e-01,6.491307123666765211e-01,7.301976048006533215e-01,7.301859341502294765e-01,7.301742627945785324e-01,7.301625907419453387e-01,7.301509179879638323e-01,7.301392445341204906e-01,7.301275703789861238e-01,7.301158955219388957e-01,6.488710115446351123e-01,7.300925437117905537e-01,7.300808667539847585e-01,7.300691890944066564e-01,7.300575107365616656e-01,7.300458316763061006e-01,7.488769305781103336e-01,7.488612721048285570e-01,8.811281743242149744e-01,7.488299504353037594e-01,8.136548850160213453e-01,8.126442951608077170e-01,8.130333332804601243e-01,6.485219515059085227e-01,8.125746033929134304e-01,8.122807931513268409e-01,6.484388350722745109e-01,8.113785998328711946e-01,8.124086612463976564e-01,8.121246397857798671e-01,8.112031731370137333e-01,6.483364555254109707e-01,8.111162876971790281e-01,8.111641709232482178e-01,6.482435453783035317e-01,8.118731689524170125e-01,8.116069969044196197e-01,5.531167901968991885e-01,5.530922036681658049e-01,6.744663298402223672e-01,8.120632048751422749e-01,5.529502974062648901e-01,5.529259852275661968e-01,5.529249584623017189e-01,6.479448680435943020e-01,5.528099285126822915e-01,5.528085057998768370e-01,6.478766901568167036e-01,5.527257439758754831e-01,5.526822269426292511e-01,5.526579455956611708e-01,5.526115983284354272e-01,5.525873490996406900e-01,5.525521922709663025e-01,5.524878755435244093e-01,5.524637963283095532e-01,5.524715105784592240e-01,5.524259937089821548e-01,5.523836757812028431e-01,5.523385971125270855e-01,6.474649484233450103e-01,6.597042623561033547e-01
0.000000000000000000e+00,9.905176023457950008e-01,9.905079169368712355e-01,9.904982315406783977e-01,9.904885461804420199e-01,9.904788608382306681e-01,9.904691755201890935e-01,9.904594902279829638e-01,9.904498049571003326e-01,9.904401197107529642e-01,9.904304344915979552e-01,9.904207492872025842e-01,9.904110641052420450e-01,9.904013789609891205e-01,9.909348892374005846e-01,9.935207453726249138e-01,9.934939922390232381e-01,9.909018083186660331e-01,9.934404789367330402e-01,9.908797541241408657e-01,9.908687269467734149e-01,1.000000000000000000e+00,9.999845080587177470e-01,9.999690146363109378e-01,9.999535197198657910e-01,9.999380233056855971e-01,9.999225253874242103e-01,9.999070259800245664e-01,9.998915250805090471e-01,9.998760226835415876e-01,9.998605187967061214e-01,9.998450134016956259e-01,9.930656228136455210e-01,9.998139981330138593e-01,9.997984882374403304e-01,9.997829768501887981e-01,9.997674639708280520e-01,9.997519495947183588e-01,9.997364337150178581e-01,9.997209163363863782e-01,9.928512124056837473e-01,9.996898770766368125e-01,9.996743551994922150e-01,9.996588318119042915e-01,9.996433069312480324e-01,9.996277805487785439e-01,9.996122526576857181e-01,9.995967232766942434e-01,9.995811923751170003e-01,9.995656599904685358e-01,9.995501260849962710e-01,9.995345906865079622e-01,9.995190537796037056e-01,9.995035153648180737e-01,9.994879754560813678e-01,9.994724340268830165e-01,9.994568911068992811e-01,9.994413466804052959e-01,9.994258007447717196e-01,9.994102532951316675e-01,9.993947043447531930e-01,9.993791538862865087e-01,9.993636019229212852e-01,9.993480484542371922e-01,9.993324934715885899e-01,9.993169369851306882e-01,9.993013789883318232e-01,9.992858194761063961e-01,9.992702584643607944e-01,9.992546959411551244e-01,9.992391319003539607e-01,9.992235663553487024e-01,9.992079993059422849e-01,9.991924307314596909e-01,9.991768606547305476e-01,9.991612890639013367e-01,9.991457159593579718e-01,9.991301413442581492e-01,9.991145652144356459e-01,9.990989875723506053e-01,9.990834084195865383e-01,9.990678277502748061e-01,9.990522455702821603e-01,9.990366618698036660e-01,9.990210766631802963e-01,9.990054899336704430e-01,9.989899016934037368e-01,9.989743119318618136e-01,5.437838374203147751e-01,5.435115646670699574e-01,5.437306495869063117e-01,5.433490237311617843e-01,5.434356078719400074e-01,5.434116451382356994e-01,5.428992621138261088e-01,5.426396389512830876e-01,5.427115838002162240e-01,5.427915652922936651e-01,5.425133946103170013e-01,5.424732331110978523e-01,5.421948275840998699e-01,5.426966240831208044e-01,5.420879263638281875e-01,5.425724400353884036e-01,5.417554535482688172e-01,5.420151588756342287e-01,5.419401593012497242e-01,5.418624187107857759e-01,5.419992016267278778e-01,5.415084814964729043e-01,5.414369100159148740e-01,5.415497435775898927e-01,5.415698604499099567e-01,5.410843606313888721e-01,5.411974706731302875e-01,5.410044406251164339e-01,5.410132333027217744e-01,5.408174496772301110e-01,5.405386982285652619e-01,5.407147860617275148e-01,5.406074887849138255e-01,5.406008056725412070e-01,5.402165751315337605e-01,5.400258159928514878e-01,5.400918173917503839e-01,5.402524524725952348e-01,5.399568802137899581e-01,5.398473352468587949e-01,5.394658424964753340e-01,5.394407911810257250e-01,5.394877861578517564e-01,5.392868586674922637e-01,5.393275865281750292e-01,5.391976131497251412e-01,5.392416184061828988e-01,5.386966952750393833e-01,5.387372206677559783e-01,5.387642879197035439e-01,5.387168509855805310e-01,5.385776039672319770e-01,5.387636048124148092e-01,5.384622757173856966e-01,5.382493534444253713e-01,5.381824124186592728e-01,5.381133159728178628e-01,5.379744963307607764e-01,5.378255727147220888e-01,5.379867697639668656e-01,5.376085568874156007e-01,5.373902013755909035e-01,8.019465222483985745e-01
0.000000000000000000e+00,9.999501714022843712e-01,9.999523376967515143e-01,9.999545039937934865e-01,9.999566703595097472e-01,9.999588367305596304e-01,9.999610031150142353e-01,9.999631695071697912e-01,9.999653358910358669e-01,9.999675023075409452e-01,9.999696687299003406e-01,9.999718351731969879e-01,9.999740016233569229e-01,9.999761680827787824e-01,9.999783345675078428e-01,9.999805010492169854e-01,9.999826675479981386e-01,9.999848340603353369e-01,9.999870005910856952e-01,9.999891671233225310e-01,9.999913336736677705e-01,9.999935002394892969e-01,9.999956668124677650e-01,9.999978334012349368e-01,1.000000000000000000e+00,9.925244752229686052e-01,9.923231095324250850e-01,9.916316676675100972e-01,9.925190186361790845e-01,9.925419028752989759e-01,9.927583921858879057e-01,9.925852457584219968e-01,9.916323990726807480e-01,9.923883971536215931e-01,9.919003580182864654e-01,9.922736457832452839e-01,9.927889763340144169e-01,9.918043751873985014e-01,9.916921293343892163e-01,9.921839959118691210e-01,9.925062159961752783e-01,9.926710385058544750e-01,9.916701927672502137e-01,9.918475818647694009e-01,9.920174156082197658e-01,9.923097787547853210e-01,9.923363794211449429e-01,9.922382076433945430e-01,9.920230906208732380e-01,9.918953800516729924e-01,9.920463681355753405e-01,9.920775383580348050e-01,9.919957854005034825e-01,9.921375244961189166e-01,9.922744209560661055e-01,9.923006913360634673e-01,9.915619496702314795e-01,9.921118290678421214e-01,9.919395526050928114e-01,9.920699249527006325e-01,9.922935155115306660e-01,9.921277121448658365e-01,9.917795533108408890e-01,9.923683025702265681e-01,9.922100522287550239e-01,9.920570097494101347e-01,9.923507341768711409e-01,9.919098102214932711e-01,9.918546186722152491e-01,9.918858183460842470e-01,9.919997178176916952e-01,9.919464584894026604e-01,9.922999395277922741e-01,9.922445780103322788e-01,9.918757860869131804e-01,9.921391155668274342e-01,9.922423567808426048e-01,9.921159486898741831e-01,9.919930601979776164e-01,9.923164947223809262e-01,9.921217567044290364e-01,9.921481087439296687e-01,9.921029438428183855e-01,9.921996579714332798e-01,9.920860102038457917e-01,9.922497579438931403e-01,9.922742960310988458e-01,9.921644108166266518e-01,9.919909951621287414e-01,9.921493678363451085e-01,9.921748465729574029e-01,9.918795396236843587e-01,9.920980139322062019e-01,9.921238883191556557e-01,9.921494330682242291e-01,9.921132579099336546e-01,9.919565457022095911e-01,9.921039178223232113e-01,9.920699477069028216e-01,9.920957898945210740e-01,9.920629935486547923e-01,9.920888021508219579e-01,9.918855851010275337e-01,9.919130106322272544e-01,9.918840318503389097e-01,9.920970244109048597e-01,9.921773067632013721e-01,9.922017636838310617e-01,9.920639116899226950e-01,9.921428554139752887e-01,9.921144873258391783e-01,9.920342648135048735e-01,9.921119109236042899e-01,9.919818764602872374e-01,9.919054810633336494e-01,9.920508512631546205e-01,9.921263946615882512e-01,9.920512384154438479e-01,9.920764090097602406e-01,9.921013311529998102e-01,9.920287803681263616e-01,9.921022385191007320e-01,9.919355798305979910e-01,9.919777473718812688e-01,9.921914932263685705e-01,9.922152952242287993e-01,9.920536596203227697e-01,9.920784940096446514e-01,9.919663698369505234e-01,9.922334507439474205e-01,9.921221559109096866e-01,9.920572657388317950e-01,9.920819163686225295e-01,9.919308908020587623e-01,9.919999581590830395e-01,9.921694059124698262e-01,9.921931190695022496e-01,9.921314510738181713e-01,9.921976794150564327e-01,9.920112339916199451e-01,9.922586630124853313e-01,9.921988599620940041e-01,9.920578642987285534e-01,9.920822071233407202e-01,9.920797099039616596e-01,9.920233693491228300e-01,9.919679453065098906e-01,9.919927984859168157e-01,9.921098084067373479e-01,9.920944931104694886e-01,9.867523966778914968e-01
0.000000000000000000e+00,9.953588871476145572e-01,9.953571747159095651e-01,9.953554618630150452e-01,9.953537488297020674e-01,9.953520356916847334e-01,9.953503224260059623e-01,9.953486089228363864e-01,9.953468952933054448e-01,9.953451815212178699e-01,9.953434675982787416e-01,9.953417534854380744e-01,9.953400392079236880e-01,9.953383247949127988e-01,9.953366102121600223e-01,9.953348954610768962e-01,9.953331805834850776e-01,9.953314655131012545e-01,9.953297502866335078e-01,9.953280349256898862e-01,9.953263193941055409e-01,9.953246036954236375e-01,9.953228878521851453e-01,9.953211718298602406e-01,9.953194556594049391e-01,9.953177393333775269e-01,9.953160228440751656e-01,9.953143061916699397e-01,9.953125893957706083e-01,9.953108724280970154e-01,9.953091553103207145e-01,9.953074380305898528e-01,9.953057205929494167e-01,9.953040029920553478e-01,9.953022852286387279e-01,9.953005673149840637e-01,9.952988492390237862e-01,9.952971310051107467e-01,9.952954126192347095e-01,9.952936940632826079e-01,9.952919753570562689e-01,9.952902564898938875e-01,9.952885374572608690e-01,9.952868182696871235e-01,9.952850989274862892e-01,9.952833794295526948e-01,9.952816597648042052e-01,9.952799399431667693e-01,9.952782199637142391e-01,9.952764998294623133e-01,9.952747795344061288e-01,9.952730590808543942e-01,9.952713384692973841e-01,9.952696176925017735e-01,9.952678967733052939e-01,9.952661756763220291e-01,9.952644544333860699e-01,9.952627330304752995e-01,9.952610114637427952e-01,9.952592897433711894e-01,9.952575678632364919e-01,9.952558458243309092e-01,9.952541236251394308e-01,9.952524012726493563e-01,9.952506787593677906e-01,9.952489560855752870e-01,9.952472332585496906e-01,9.952455102696659006e-01,9.952437871221782029e-01,9.952420638181251888e-01,9.952403403527084746e-01,9.952386167343189038e-01,9.952368929517226848e-01,9.952351690150779140e-01,9.952334449172260955e-01,9.952317206631738911e-01,9.952299962486693685e-01,9.952282716783101835e-01,9.952265469502377115e-01,9.952248220635807607e-01,9.952230970168401969e-01,9.952213718150838551e-01,9.952196464513800578e-01,9.952179209338553045e-01,9.952161952548186363e-01,9.952144694190213636e-01,9.952127434272336481e-01,9.952110172751830186e-01,9.952092909652190400e-01,9.952075644959331724e-01,1.000000000000000000e+00,9.999936324941142152e-01,9.999872652835188891e-01,9.999808983665678941e-01,9.999745317479170614e-01,9.999681654229320982e-01,9.999617993921340320e-01,9.999554336566666146e-01,9.999490682213988402e-01,9.999427030746248501e-01,9.999363382277891565e-01,9.999299736712422559e-01,9.999236094133923114e-01,9.999172454519936748e-01,9.999108817855287823e-01,9.999045184085767479e-01,9.998981553313843751e-01,9.998917925458087330e-01,9.998854300584790744e-01,9.998790678649626118e-01,9.998727059650245330e-01,9.998663443576323306e-01,9.998599830490039198e-01,9.998536220370386474e-01,9.998472613148183807e-01,9.998409008894821870e-01,9.998345407593028922e-01,9.998281809214141225e-01,9.998218213797890330e-01,9.998154621347513649e-01,9.998091031796053629e-01,9.998027445215043052e-01,9.997963861572529698e-01,9.997900280893659009e-01,9.997836703113768264e-01,9.997773128324173308e-01,9.997709556454746904e-01,9.997645987542918000e-01,9.997582421528277141e-01,9.997518858516186713e-01,9.997455298396583645e-01,9.997391741246854924e-01,9.997328187031929714e-01,9.997264635745404249e-01,9.997201087413388754e-01,9.997137542026496293e-01,9.997073999543329981e-01,9.997010460039936763e-01,9.996946923477864066e-01,9.996883389820967469e-01,9.996819859127525909e-01,9.996756331366946080e-01,9.996692806537680331e-01,9.996629284641385116e-01,9.996565765686180605e-01,9.996502249677088336e-01,9.996438736578444617e-01,9.996375226452660634e-01,9.996311719249626471e-01,9.996248214959955192e-01,9.904597047865558723e-01
0.000000000000000000e+00,9.987284974696915008e-01,9.987192245048533978e-01,9.921028796806022898e-01,9.987006782431439023e-01,9.986914049727321219e-01,9.986821315932501442e-01,9.986728581096045998e-01,9.986635845579370230e-01,9.986543108938258362e-01,9.986450371281520022e-01,9.986357632667601791e-01,9.986264893186943548e-01,9.986172152728821638e-01,9.986079411257368088e-01,9.985986668814150757e-01,9.985893925440921803e-01,9.985801181043524322e-01,9.985708435790124904e-01,9.985615689462237210e-01,9.985522942232896160e-01,9.985430194012575589e-01,9.985337444835388210e-01,9.985244694698245382e-01,9.985151943574943623e-01,9.985059191530853973e-01,9.984966438467486327e-01,9.984873684471426980e-01,9.984780929511615222e-01,9.984688173589765237e-01,9.984595416705936977e-01,9.984502658844064404e-01,9.984409900030659646e-01,9.984317140224113762e-01,1.000000000000000000e+00,9.999901830857730323e-01,4.304505812325395975e-01,4.304475989794676605e-01,4.304316211934034464e-01,4.304364822185863249e-01,4.304254858820883989e-01,4.304259576939806764e-01,4.304077712479680295e-01,4.304082059390573756e-01,4.303976366753665128e-01,4.303947244710016329e-01,4.303810709122694589e-01,4.303879799799866235e-01,4.303848763558192903e-01,4.303845990941256860e-01,4.303781582598866229e-01,4.303683643402899661e-01,4.303499666091883946e-01,4.303586248617176646e-01,4.303462969203715183e-01,4.303431745567247169e-01,4.303368804412041060e-01,4.303337100029104856e-01,4.303220254255486488e-01,4.303239826649943311e-01,4.303128179661953601e-01,4.303145607646992610e-01,4.303061618156916457e-01,4.303001313260480520e-01,4.302993467406698858e-01,4.302884560242025702e-01,4.302827993774214210e-01,4.302769276989061309e-01,4.302664400217459106e-01,4.302678266209646885e-01,4.302597654425738272e-01,4.302564909557116679e-01,4.302463572307994033e-01,4.302452715519679560e-01,4.302374525417558826e-01,4.302383794797320360e-01,4.302202017502693154e-01,4.302231452549442614e-01,4.302114793809052595e-01,4.302082149650646170e-01,4.302047115306480984e-01,4.302013841382429926e-01,4.301939636238539810e-01,4.301906239987696723e-01,4.301832887192870158e-01,4.301743480113157103e-01,4.301671579646547672e-01,4.301656764684319012e-01,4.301531400436502395e-01,4.301605396065234510e-01,4.301446142900260394e-01,4.301430410499563206e-01,4.301377804552724560e-01,4.301361167675055719e-01,4.301257903518488912e-01,4.301157563482792545e-01,4.301188660885776893e-01,4.301105535117668022e-01,4.301021489176516388e-01,4.301003879479504133e-01,4.300968218996898407e-01,4.300902599561207684e-01,4.300851290323189358e-01,4.300786288003284885e-01,4.300706408593213403e-01,4.300655799487348441e-01,4.300591866804543417e-01,4.300541551049077427e-01,4.300478150841093306e-01,4.300442652579835601e-01,4.300394038149155662e-01,4.300343996157376392e-01,4.300281329487468662e-01,4.300247015591085464e-01,4.300155430623955333e-01,4.300121204633375882e-01,4.300058028348678341e-01,4.300010091782684452e-01,4.299921868226562749e-01,4.299899612737809185e-01,4.299825456126026846e-01,4.299776628457585015e-01,4.299742183080032532e-01,4.299668861955336929e-01,4.299607455257091759e-01,4.299560286891086491e-01,4.299511842124336680e-01,4.299439733513883422e-01,4.299405213623259669e-01,4.299320055077999747e-01,4.299297773391614896e-01,4.299201211439504511e-01,4.299178771398475818e-01,4.299120182679616597e-01,4.299084251201994444e-01,4.299002351632125185e-01,4.298955985075167407e-01,4.298896850147927440e-01,4.298862084943170792e-01,4.298781478119438337e-01,4.298722878297843719e-01,4.298699383181637801e-01,4.298630851233944949e-01,4.298583699907695399e-01,4.298515639207964312e-01,4.298436928088270603e-01,4.298379301707930256e-01,4.298344538995124697e-01,4.298288163972540654e-01,4.298230837568176588e-01,5.598799172618811326e-01
0.000000000000000000e+00,8.785718562734398107e-01,8.785607730122845238e-01,8.785496895234664594e-01,8.785386058093436201e-01,8.785275218521367835e-01,8.785164376703135103e-01,8.785053532535924692e-01,8.784942686090814190e-01,8.784831837264274190e-01,8.784720986130690745e-01,8.784610132715251485e-01,8.784499276933876999e-01,8.784388418862655312e-01,8.784277558449679058e-01,8.784166695708255368e-01,8.784055830673702658e-01,8.783944963308574216e-01,8.783834093621774031e-01,8.783723221615904464e-01,8.783612347275938648e-01,8.783501470614383244e-01,8.783390591643911449e-01,8.783279710341433955e-01,8.783168826727875134e-01,8.783057940788273621e-01,8.782947052522388498e-01,8.782836161947271680e-01,8.782725269026289139e-01,8.782614373808891317e-01,8.782503476247940366e-01,8.782392576373841964e-01,8.782281674180887343e-01,8.782170769654190634e-01,8.782059862820420504e-01,8.781948953658126333e-01,8.781838042169961556e-01,8.781727128356003886e-01,8.781616212224734319e-01,8.781505293780912380e-01,8.781394372999389297e-01,8.781283449901735594e-01,8.781172524477304231e-01,8.781061596729133889e-01,8.780950666662138415e-01,8.780839734268363062e-01,8.780728799551651420e-01,8.780617862517735572e-01,8.780506923152271437e-01,8.780395981464098609e-01,8.780285037455860531e-01,8.780174091122929791e-01,8.780063142464884507e-01,8.779952191479336587e-01,8.779841238181035346e-01,8.779730282548682263e-01,8.779619324598038066e-01,8.779508364318114877e-01,8.779397401714360560e-01,8.779286436789758286e-01,1.000000000000000000e+00,9.999932846534576036e-01,9.999865691936860035e-01,9.999798536204743682e-01,9.999731379338617776e-01,9.999664221332524860e-01,9.999597062190020980e-01,9.999529901913892793e-01,9.999462740499568403e-01,9.999395577949887759e-01,9.999328414266730469e-01,9.999261249443118782e-01,9.999194083484614914e-01,9.999126916389772246e-01,9.999059748161532868e-01,9.998992578790580898e-01,9.998925408291157169e-01,9.998858236651869680e-01,9.998791063871402818e-01,9.998723889961680378e-01,9.998656714912583787e-01,9.998589538725938253e-01,9.998522361407262693e-01,9.998455182945441555e-01,9.998388003350199282e-01,9.998320822621661330e-01,9.998253640752176041e-01,9.998186457747683109e-01,9.998119273606078661e-01,9.998052088328905906e-01,9.997984901912027045e-01,9.997917714361479469e-01,9.997850525672684618e-01,9.997783335849084185e-01,9.997716144888172396e-01,9.997648952786754029e-01,9.997581759549432068e-01,9.997514565178339252e-01,9.997447369666376815e-01,9.997380173020101735e-01,9.997312975238148436e-01,9.997245776316550092e-01,9.997178576259214688e-01,9.997111375064147154e-01,9.997044172732429956e-01,9.996976969258904999e-01,9.996909764652951447e-01,9.996842558911068766e-01,9.996775352031327389e-01,9.996708144012548258e-01,9.996640934857313754e-01,9.996573724561348406e-01,9.996506513132931149e-01,9.996439300563192409e-01,9.996372086858796857e-01,9.996304872014432075e-01,9.996237656036084385e-01,9.996170438917114653e-01,9.996103220662988509e-01,9.996036001269283933e-01,9.995968780738117010e-01,9.995901559068588460e-01,9.995834336263865749e-01,9.995767112319325909e-01,9.995699887239575254e-01,9.995632661021160992e-01,9.995565433663389232e-01,9.995498205167713257e-01,9.995430975537255014e-01,9.995363744766020409e-01,9.995296512857934079e-01,9.995229279811930212e-01,9.995162045627650205e-01,9.995094810305187316e-01,9.995027573845425284e-01,9.994960336245375387e-01,9.994893097510313407e-01,9.994825857635204480e-01,9.994758616622142489e-01,9.994691374471708079e-01,9.994624131182310300e-01,9.994556886755554537e-01,9.994489641190602569e-01,9.994422394486405237e-01,9.994355146644313681e-01,9.994287897661945363e-01,9.994220647544534986e-01,9.994153396288195657e-01,9.994086143891730556e-01,9.994018890356797247e-01,9.452657347309656455e-01
0.000000000000000000e+00,1.000000000000000000e+00,9.999766212874934279e-01,9.999532417174922250e-01,9.999298612992612023e-01,9.999064800290492494e-01,9.998830979022944598e-01,9.998597149240034954e-01,9.998363310909480495e-01,9.998129464020073520e-01,9.997895608586588878e-01,9.997661744646996196e-01,9.997427872149835526e-01,9.997193991107917732e-01,9.996960101529465126e-01,9.996726203419330492e-01,9.996492296750385531e-01,9.996258381543030591e-01,9.996024457787352491e-01,9.995790525506059732e-01,9.995556584659043287e-01,9.995322635267060996e-01,9.995088677343492156e-01,9.994854710861925673e-01,9.994620735838418701e-01,9.994386752263731966e-01,9.994152760143889536e-01,9.993918759473603419e-01,9.993684750252257443e-01,9.993450732488154964e-01,9.993216706166955232e-01,9.992982671295723707e-01,9.992748627876768541e-01,9.992514575910620422e-01,9.992280515381193329e-01,9.992046446298915585e-01,9.991812368671361133e-01,9.991578282480984008e-01,9.991344187743973482e-01,9.991110084449411621e-01,9.990875972597367261e-01,9.990641852187936989e-01,9.990407723224489223e-01,9.990173585707357029e-01,9.989939439621617900e-01,9.989705284987837608e-01,9.989471121789756936e-01,9.989236950034490192e-01,9.989002769717543195e-01,9.988768580843246925e-01,9.988534383403165906e-01,9.988300177400745161e-01,9.988065962843339918e-01,9.987831739718757706e-01,9.987597508034674609e-01,9.987363267782355392e-01,9.987129018964171490e-01,9.986894761585697333e-01,9.986660495640190538e-01,9.986426221127412406e-01,9.986191938052197958e-01,9.985957646409626687e-01,9.985723346197593608e-01,9.985489037419079672e-01,9.985254720067353595e-01,9.985020394149772827e-01,9.984786059660606394e-01,9.984551716606527849e-01,9.984317364974435449e-01,9.984083004779327197e-01,9.983848636006842359e-01,9.983614258662204533e-01,9.983379872746386274e-01,9.983145478254413785e-01,9.982911075194362827e-01,9.982676663551780516e-01,9.982442243337513732e-01,9.982207814554278080e-01,9.981973377184062413e-01,9.981738931244096280e-01,9.981504476724313291e-01,9.981270013626537541e-01,9.981035541951974732e-01,9.980801061695281362e-01,9.980566572865975372e-01,9.980332075447360118e-01,9.980097569457486717e-01,9.979863054881453754e-01,9.979628531726157936e-01,9.979393999987536956e-01,9.979159459664869170e-01,9.978924910760730294e-01,9.978690353275783131e-01,9.978455787201109262e-01,9.978221212546697361e-01,9.977986629303994270e-01,9.977752037473515134e-01,9.977517437059285621e-01,9.977282828058290365e-01,9.977048210469617873e-01,9.976813584291407411e-01,9.976578949527282747e-01,9.976344306171824883e-01,9.976109654226799073e-01,9.975874993693139015e-01,9.975640324566295014e-01,9.975405646851142061e-01,9.975170960542840692e-01,9.974936265642383448e-01,9.974701562148773348e-01,9.974466850061793899e-01,9.974232129379290157e-01,9.973997400102656563e-01,9.973762662233500720e-01,9.973527915766579044e-01,9.973293160706737659e-01,9.973058397044680667e-01,9.972823624790060348e-01,9.972588843936501801e-01,9.972354054484171559e-01,9.972119256433256140e-01,9.971884449781881488e-01,9.971649634530939110e-01,9.971414810680271357e-01,9.971179978230122476e-01,9.970945137174088702e-01,9.970710287519430892e-01,9.970475429261931311e-01,9.970240562400733975e-01,9.970005686935640155e-01,9.969770802865244308e-01,9.969535910190348016e-01,9.969301008911244377e-01,9.969066099023170535e-01,9.968831180533477276e-01,9.968596253434993670e-01,9.968361317727075788e-01,9.968126373413519481e-01,9.967891420490290200e-01,9.967656458959461840e-01,9.967421488816451403e-01,9.967186510062956417e-01,9.966951522700991939e-01,9.966716526726743242e-01,9.966481522141311666e-01,9.966246508943024107e-01,9.966011487130325142e-01,9.965776456704652508e-01,9.965541417665403356e-01,9.965306370012770865e-01,9.916117606736213341e-01
0.000000000000000000e+00,8.195887609179612898e-01,8.195602055927264651e-01,8.195316476558313079e-01,8.195030871545636586e-01,8.194745240849837797e-01,8.194459584421833753e-01,8.194173902234681561e-01,8.193888194364329358e-01,8.193602460753607319e-01,8.193316701357995502e-01,8.193030916258150498e-01,8.192745105406967765e-01,8.192459268793629290e-01,8.192173406446223716e-01,8.191887518306344429e-01,8.191601604451268503e-01,8.191315664814962094e-01,8.191029699407272879e-01,8.190743708226410069e-01,8.190457691278052454e-01,8.190171648555837347e-01,8.189885580056133207e-01,8.189599485752955266e-01,8.189313365668094979e-01,8.189027219810515179e-01,8.188741048133018063e-01,8.188454850679066643e-01,8.188168627399490251e-01,8.187882378318535048e-01,8.187596103458132379e-01,8.187309802761641997e-01,8.187023476253258991e-01,8.186737123925712512e-01,8.186450745772430038e-01,8.186164341798096711e-01,8.185877911993066913e-01,8.185591456356231532e-01,8.185304974876107531e-01,8.185018467555832400e-01,8.184731934407337706e-01,8.184445375401048217e-01,8.184158790541979922e-01,8.183872179830713467e-01,8.183585543265730067e-01,8.183298880831397781e-01,8.183012192540044527e-01,8.182725478379332396e-01,8.182438738350424901e-01,8.182151972447025967e-01,8.181865180653314917e-01,8.181578362981926089e-01,8.181291519430884396e-01,8.181004649986630684e-01,1.000000000000000000e+00,9.999218377324484708e-01,9.999469952919184390e-01,9.998714672698643113e-01,9.998956347924093935e-01,9.998705188690071299e-01,9.998929319831857399e-01,9.998776710888320762e-01,9.998069985427829875e-01,9.998055073495611955e-01,9.997814889659124571e-01,9.998013261229347082e-01,9.997343095592943207e-01,9.997533994265976887e-01,9.997298495555568820e-01,9.996860295097826921e-01,9.997037544818513366e-01,9.996407571487034849e-01,9.996381382483680023e-01,9.995963662755106283e-01,9.996510864058903989e-01,9.996094859593097626e-01,9.996058903924551764e-01,9.995836039895156233e-01,9.995433387277349313e-01,9.995575610475022632e-01,9.994824439110868708e-01,9.994963557491879369e-01,9.995095734616888938e-01,9.994708633989469737e-01,9.994906178627410709e-01,9.994022907340576189e-01,9.994311376280704540e-01,9.993774523628039530e-01,9.993891477049563488e-01,9.993843113601629247e-01,9.993792599644717445e-01,9.993428113175434335e-01,9.993068322900013900e-01,9.993171022672004966e-01,9.993117441017471680e-01,9.993061930487668887e-01,9.992560880933627487e-01,9.992506251509321036e-01,6.853713335749186397e-01,6.854135247345721771e-01,6.853844214592073047e-01,6.852008738838251123e-01,6.850960153775706996e-01,6.851431516210219064e-01,6.849639272416312430e-01,6.851575383201176095e-01,6.850529107918762461e-01,6.850140783208051865e-01,6.849106531221221816e-01,6.848795038050492501e-01,6.847771511202043193e-01,6.847457839713692040e-01,6.845749004698677975e-01,6.845439230694203570e-01,6.845808787967380127e-01,6.843378820250658467e-01,6.844412979190561686e-01,6.844753814489028532e-01,6.844419155662399001e-01,6.843425802562188576e-01,6.843089417198037205e-01,6.842749516799492282e-01,6.841766841593962534e-01,6.840722703095395429e-01,6.841641704813545832e-01,6.840664916461878242e-01,6.841552467755237510e-01,6.839345426548519846e-01,6.838383093088099551e-01,6.839847985964139232e-01,6.838279267071309953e-01,6.837853627116254884e-01,6.837489885817643609e-01,6.837123336701645959e-01,6.837336976462772276e-01,6.836382057576867455e-01,6.834858109868237053e-01,6.835630257118311404e-01,6.834117587072219280e-01,6.834305948961412192e-01,6.833306422558994564e-01,6.833482284269848384e-01,6.833097240057350863e-01,6.832709865534776217e-01,6.832320207589084315e-01,6.830848986406901080e-01,6.830998232333469478e-01,6.830073064513901837e-01,6.830682356352583140e-01,6.829231495659353612e-01,8.197136284210134738e-01
0.000000000000000000e+00,9.892332253098499173e-01,5.935791547218307596e-01,9.999083723212559560e-01,9.999120372989647176e-01,9.999157022414373319e-01,9.970106762017771906e-01,9.970142866473213905e-01,9.999266971738108856e-01,9.970215075995348952e-01,9.999340272114178862e-01,9.999376922442529958e-01,9.999413572948074869e-01,9.970359496388804255e-01,9.999486874396538161e-01,9.999523525334201857e-01,9.999560176383315291e-01,9.999596827564074530e-01,9.999633478912309803e-01,9.999670130368398802e-01,9.999706781998090044e-01,9.999743433748394805e-01,9.999780085654292883e-01,9.999816737688523860e-01,9.999853389871410370e-01,9.999890042194532480e-01,9.999926694661472881e-01,9.999963347225614418e-01,1.000000000000000000e+00,7.893654735506424602e-01,7.893105658599962604e-01,7.894073902415390531e-01,7.893556035877850041e-01,7.892662108547942035e-01,7.893972557913013777e-01,7.892348954308679998e-01,7.892711213275684923e-01,7.893927090014847270e-01,7.892445790110265147e-01,7.893963438630834384e-01,7.893244030021432378e-01,7.893560101276146934e-01,7.892743563913685589e-01,7.894273722741522725e-01,7.893738938653193093e-01,7.893727730603086190e-01,7.894312629324682362e-01,7.893531819199665067e-01,7.894386853159087725e-01,7.894754769392746674e-01,7.894468097884611568e-01,7.894462953814881390e-01,7.894293643930881954e-01,7.893784315681722230e-01,7.894648531341673658e-01,7.894899909667679738e-01,7.894658770074077792e-01,7.894276192559677163e-01,7.895233795427818446e-01,7.894398215132669705e-01,7.895327274847121490e-01,7.895639300439341035e-01,7.894985801328538999e-01,7.895514634106641783e-01,7.895101437155076507e-01,7.895122572170397701e-01,7.895632636475425903e-01,7.895243458097476186e-01,7.895941849437412285e-01,7.895958945712591159e-01,7.895853422402016042e-01,7.895875857754884874e-01,7.896535805945557041e-01,7.896179419203886996e-01,7.895901294438185669e-01,7.896112165325133159e-01,7.896384241977401075e-01,7.896410657753295537e-01,7.896326777313962264e-01,7.896529803445401230e-01,7.896620873441251298e-01,7.896482883762959704e-01,7.896742389797443140e-01,7.897102606562507177e-01,7.896541477317073898e-01,7.897219941638258245e-01,7.897307951221100852e-01,7.897026116804551910e-01,7.897272827072742141e-01,7.897307547555529883e-01,7.897397867341174882e-01,7.897583745692458024e-01,7.897228330359090664e-01,7.897855048326862804e-01,7.897507726966803698e-01,7.898121764302399317e-01,7.897782248522196014e-01,7.897962696953573225e-01,7.897774112679195602e-01,7.898141519299493041e-01,7.897772793419667314e-01,7.898405976484293989e-01,7.898045031724569842e-01,7.898401837701314321e-01,7.898313045321233572e-01,7.898533822330932042e-01,7.898448518345895231e-01,7.898921674045471519e-01,7.898504272442680163e-01,7.898801108131172644e-01,7.899014800160615302e-01,7.899059068022289409e-01,7.899026168402240033e-01,7.899236504726684371e-01,7.899162376704598199e-01,7.899133665004943738e-01,7.899416970127797200e-01,7.899505831520778898e-01,7.899479053676264906e-01,7.899641879833508851e-01,7.899503539123127194e-01,7.899666148873888405e-01,7.899755967153743175e-01,7.899513230238570660e-01,3.345497861195863565e-01,3.345496175431218466e-01,3.345515936151162717e-01,3.345530506931788661e-01,3.345537167326473882e-01,3.345548955960327975e-01,3.345571355125182000e-01,3.345578193591247640e-01,3.345590037546162798e-01,3.345619832747235844e-01,3.345611713876980864e-01,3.345653568182601068e-01,3.345645749273598035e-01,3.345675062892832230e-01,3.345679594819350178e-01,3.345694129676365369e-01,3.345737419163201110e-01,3.345720596549102144e-01,3.345749302307605144e-01,3.345770748756147217e-01,3.345768618125042337e-01,3.345790021164349870e-01,3.345776865150170143e-01,3.345809530055788295e-01,3.345830780490253731e-01,3.345845185355675877e-01,7.418904957842418213e-01
