0.000000000000000000e+00,9.981142224178212174e-01,9.976730197572627468e-01,9.980889224379868585e-01,1.000000000000000000e+00,9.999872340380375757e-01,9.999744674780365328e-01,9.955894337205197786e-01,9.951058827361326520e-01,9.980910314012778617e-01,9.950523847500288843e-01,9.980107483200530982e-01,9.979705934782149290e-01,9.979304297667671575e-01,9.949453473721165953e-01,9.953756975701266718e-01,9.978098853964910697e-01,9.953222290755674440e-01,9.977294780843416477e-01,9.976892611006650258e-01,9.976490352278775120e-01,9.952152506901380535e-01,9.947311069172636300e-01,9.975283042355169716e-01,9.946775122547285575e-01,9.974477724089697572e-01,9.974074931332345129e-01,9.973672049493477187e-01,9.945702814261446756e-01,9.950011282190276418e-01,9.972462869119435025e-01,9.972059630541029174e-01,9.971656302774259961e-01,9.971252885719793513e-01,9.970849379373110111e-01,9.970445783634270809e-01,9.970042098562726940e-01,9.969638324087085612e-01,9.969234460193300285e-01,9.968830506856676266e-01,9.968426464038532275e-01,9.968022331648391798e-01,9.967618109768151546e-01,9.967213798298765193e-01,9.966809397249140057e-01,9.966404906523359530e-01,9.966000326175720181e-01,9.965595656090890930e-01,9.965190896312141611e-01,9.964786046799647412e-01,9.964381107463647913e-01,9.963976078336891362e-01,9.963570959384222547e-01,9.963165750524963782e-01,9.962760451792767036e-01,9.962355063128259802e-01,9.961949584489970810e-01,9.961544015869991942e-01,9.961138357254897269e-01,9.960732608554530021e-01,9.960326769800945668e-01,9.959920840906760775e-01,9.959514821902242243e-01,9.959108712701638666e-01,9.958702513322300609e-01,9.958296223709344197e-01,9.957889843841337685e-01,9.957483373679946181e-01,9.957076813204691623e-01,9.956670162364641419e-01,9.956263421165902905e-01,9.955856589556092429e-01,9.955449667505751332e-01,9.955042654995693852e-01,9.954635551953313621e-01,9.954228358410308619e-01,9.953821074311757222e-01,9.953413699611208809e-01,9.953006234303887201e-01,9.952598678340015548e-01,9.952191031700396984e-01,9.951783294347406050e-01,9.951375466255579783e-01,9.950967547388083201e-01,9.950559537739179783e-01,9.950151437238057284e-01,9.949743245895013022e-01,9.949334963657218145e-01,9.948926590496212086e-01,9.948518126381172832e-01,9.948109571297903964e-01,9.947700925188650567e-01,9.947292188042172745e-01,9.946883359829408189e-01,9.946474440511573478e-01,9.946065430072584812e-01,9.945656328439830274e-01,9.945247135638086711e-01,9.944837851613109736e-01,9.944428476331345079e-01,9.944019009758083838e-01,9.943609451883743677e-01,9.943199802657178843e-01,9.942790062059994050e-01,9.942380230047246359e-01,9.941970306611070951e-01,9.941560291697841834e-01,9.941150185289262531e-01,9.940739987355409202e-01,9.940329697862697600e-01,9.939919316778852432e-01,9.939508844085491734e-01,9.939098279723156404e-01,9.938687623695745543e-01,9.938276875962560597e-01,9.937866036479978682e-01,9.937455105221755236e-01,9.937044082166481829e-01,9.936632967283453022e-01,9.936221760526943170e-01,9.935810461876692923e-01,9.935399071300042850e-01,9.934987588768398048e-01,9.934576014253072573e-01,9.934164347724050437e-01,9.933752589142386125e-01,9.933340738487367316e-01,9.932928795714781600e-01,9.932516760810679024e-01,9.932104633734841759e-01,9.931692414446953165e-01,9.931280102935232668e-01,9.930867699153754780e-01,9.930455203088108806e-01,9.930042614685927749e-01,9.929629933934988051e-01,9.929217160793607500e-01,9.928804295242371625e-01,9.928391337236535108e-01,9.927978286751367731e-01,9.927565143763422695e-01,9.927151908214608689e-01,9.926738580116802879e-01,9.926325159401591103e-01,9.925911646053003912e-01,9.925498040042263215e-01,9.925084341339096561e-01,9.924670549903086281e-01,9.924256665712476444e-01,9.923842688727969596e-01,9.886077769189046682e-01
0.000000000000000000e+00,8.927128059111483216e-01,8.927013136152528450e-01,8.926898208738202056e-01,8.926783282775393458e-01,8.926668357233581430e-01,8.926553432990865788e-01,8.926438509048911785e-01,8.926323584712204662e-01,8.926208661187242654e-01,1.000000000000000000e+00,9.999878426753958660e-01,9.999756854644055171e-01,8.925748969366572583e-01,9.999513709728415911e-01,9.999392137415689108e-01,9.999270565731681604e-01,9.999148994510889121e-01,9.999027423161169770e-01,9.998905851723498550e-01,8.924944517747158690e-01,9.998662710525949571e-01,8.924714676659760704e-01,8.924599756542755946e-01,8.924484836781458874e-01,8.924369917427148469e-01,8.924254997961550417e-01,8.924140078943335608e-01,8.924025160402855317e-01,8.923910241813277633e-01,9.997568584668711233e-01,9.997447016086165039e-01,9.997325448198336462e-01,9.997203880022952349e-01,9.997082312359992784e-01,9.996960744738994098e-01,9.996839177753297223e-01,9.996717610503622620e-01,8.922875987222591565e-01,8.922761071377431907e-01,9.996352910614837439e-01,9.996231344447937817e-01,9.996109778457169526e-01,8.922301410554553946e-01,9.995866647262859894e-01,9.995745082029416917e-01,9.995623517028260352e-01,8.921841753878557713e-01,8.921726840397028457e-01,8.921611927249921692e-01,8.921497014152377503e-01,8.921382101382542285e-01,8.921267188950794402e-01,8.921152276774041434e-01,8.921037364878047216e-01,8.920922453198510960e-01,8.920807541802919793e-01,8.920692630548007207e-01,8.920577719773188363e-01,8.920462809042093433e-01,8.920347898757444716e-01,8.920232988618961301e-01,8.920118078738125122e-01,8.920003169186747627e-01,8.919888259973203226e-01,8.919773350783386512e-01,8.919658442111045860e-01,8.919543533498329735e-01,9.992949141904768906e-01,8.919313717211313497e-01,9.992706022366598662e-01,8.919083901908315681e-01,8.918968994672660244e-01,8.918854087724604751e-01,8.918739181058216170e-01,8.918624274583437650e-01,8.918509368326512643e-01,8.918394462467679196e-01,8.918279556817434450e-01,8.918164651416133903e-01,8.918049746232364905e-01,8.917934841344627994e-01,8.917819936746385068e-01,8.917705032378578922e-01,8.917590128253604087e-01,8.917475224446823612e-01,8.917360320941495333e-01,9.990639541372712262e-01,9.982693863203094820e-01,8.917015611724713464e-01,9.990274874952972395e-01,8.916785806907333578e-01,8.916670904950075860e-01,8.916556003149155307e-01,9.989788656082767559e-01,9.981843358325843685e-01,8.916211299473681962e-01,8.916096398821026225e-01,8.915981498366488678e-01,8.915866598125926634e-01,8.915751698326563890e-01,8.915636798623155501e-01,8.915521899187291988e-01,8.915407000039857754e-01,8.915292101173932782e-01,8.915177202569887216e-01,9.988330020919773400e-01,9.988208469376095300e-01,9.819803844867340814e-01,9.819677677162420570e-01,9.819551509591963878e-01,9.819425342170283733e-01,9.819299174945707032e-01,9.819173007882308069e-01,8.732662793976181392e-01,8.732543822692047097e-01,6.501688158618643687e-01,7.664335811164800782e-01,6.501341321622015057e-01,6.501167902478864891e-01,7.663765111802378627e-01,6.500821062884497570e-01,6.500647642448285080e-01,6.500474221519858542e-01,6.500300800184287686e-01,7.662813931233286580e-01,7.662623692997532210e-01,7.662433453899313296e-01,7.662243214023757298e-01,7.662052973557894608e-01,7.661862732247125551e-01,6.499086838500170993e-01,6.498913413709314080e-01,6.498739988436303960e-01,6.498566562683594228e-01,6.498393136526173786e-01,6.498219709843486847e-01,6.498046282851435151e-01,6.497872855341100262e-01,6.497699427434480146e-01,6.497525999071441793e-01,6.497352570263265070e-01,6.497179141067108699e-01,6.497005711316095056e-01,6.496832281230184858e-01,6.496658850664138729e-01,6.496485419646061965e-01,6.496311988136829196e-01,6.496138556214503534e-01,6.495965123954499099e-01,8.644068654560993492e-01
0.000000000000000000e+00,9.877976271236156292e-01,9.877729961496675148e-01,9.877483647570177716e-01,9.877237329698886903e-01,9.876991008031748009e-01,9.876744682471435555e-01,9.876498353079973258e-01,9.876252019962032946e-01,9.876005682806509034e-01,9.875759342004157837e-01,9.875512997223692135e-01,9.875266648592904151e-01,9.875020296147716259e-01,9.874773939893567443e-01,9.874527579764613705e-01,9.874281215787727994e-01,9.874034847881594246e-01,9.873788476297939987e-01,9.873542100732902727e-01,9.873295721393778868e-01,9.873049338192486646e-01,9.872802951117156667e-01,9.872556560232911282e-01,9.872310165444637686e-01,9.978740993750733201e-01,9.978486019101008297e-01,9.978231040029718057e-01,9.977976056442419139e-01,9.977721068409428629e-01,9.977466075881933349e-01,9.977211078903142072e-01,9.976956077419164570e-01,9.976701071512655838e-01,9.976446061126155174e-01,9.976191046223252812e-01,9.975936026887289865e-01,9.975681003068431751e-01,9.975425974771261473e-01,9.975170941983116935e-01,9.974915904749763751e-01,1.000000000000000000e+00,9.999739908754995410e-01,9.999479812663675249e-01,9.999219711721902826e-01,9.998959605971406983e-01,9.998699495340371834e-01,9.998439379865766696e-01,9.998179259563133581e-01,9.997919134420488740e-01,9.997659004410904826e-01,9.997398869558182799e-01,9.997138729890668873e-01,9.996878585352119151e-01,9.996618435963466887e-01,9.996358281746398067e-01,9.996098122679208942e-01,9.995837958767122000e-01,9.995577790006212604e-01,9.995317616400274385e-01,9.995057437944354639e-01,9.994797254647141971e-01,9.994537066510713608e-01,9.994276873513091575e-01,9.994016675673880190e-01,9.993756472990185102e-01,9.993496265454053784e-01,9.993236053079802561e-01,9.992975835854791544e-01,9.992715613772877870e-01,9.992455386856281541e-01,9.992195155075922486e-01,9.991934918470698479e-01,9.991674677004377392e-01,9.991414430693292825e-01,9.991154179528175527e-01,9.990893923521898534e-01,9.990633662663020997e-01,9.990373396949272511e-01,9.990113126396219512e-01,9.989852850997933409e-01,9.989592570745271516e-01,9.989332285623588881e-01,9.989071995678115989e-01,9.988811700883105660e-01,9.988551401223126902e-01,9.988291096725951945e-01,9.988030787373612940e-01,9.987770473173080976e-01,9.987510154123656614e-01,9.987249830217590496e-01,9.986989501462496532e-01,9.986729167854130340e-01,9.986468829397259217e-01,9.986208486086346481e-01,9.985948137939452129e-01,9.985687784929113686e-01,9.985427427061743799e-01,9.985167064359469213e-01,9.984906696795141645e-01,9.984646324377876025e-01,9.984385947114258197e-01,9.984125564991395141e-01,9.983865178026205545e-01,9.983604786191264679e-01,9.983344389515905748e-01,9.983083987986667296e-01,9.982823581604921559e-01,9.982563170366836047e-01,9.982302754280730772e-01,9.982042333338578821e-01,9.981781907537933263e-01,9.981521476891376254e-01,9.981261041391590316e-01,9.981000601028706676e-01,9.980740155820174708e-01,9.980479705754911057e-01,9.980219250832219613e-01,9.979958791059047041e-01,9.979698326427345334e-01,9.979437856946458130e-01,9.979177382605461943e-01,9.978916903412389239e-01,9.978656419366682684e-01,9.978395930453292095e-01,9.978135436693003069e-01,9.977874938082531564e-01,9.977614434613839567e-01,9.977353926292747976e-01,9.977093413106350450e-01,9.976832895061269468e-01,9.976572372164708158e-01,9.976311844416797525e-01,9.976051311806035660e-01,9.975790774332022881e-01,9.975530232016960319e-01,9.975269684829767280e-01,9.975009132795454869e-01,9.974748575902335768e-01,9.974488014150417747e-01,9.974227447538427382e-01,9.973966876071768128e-01,9.973706299744500292e-01,9.973445718567652829e-01,9.973185132520980822e-01,9.972924541618733985e-01,9.972663945856096168e-01,9.972403345244108541e-01,9.972142739766786113e-01,9.971882129429778807e-01,9.900671885730616406e-01
0.000000000000000000e+00,1.000000000000000000e+00,9.999781683461059778e-01,9.722266534256920334e-01,9.999345036457998326e-01,9.999126706692030853e-01,9.998908372584929261e-01,9.998690034253170378e-01,9.998471691382171400e-01,9.998253344218656080e-01,9.998034993043256602e-01,9.997816637079843805e-01,9.997598277064109196e-01,9.997379912651480627e-01,9.997161543893298141e-01,9.719245216469482029e-01,9.996724793481774896e-01,9.996506411791145075e-01,9.996288025757830153e-01,9.996069635372814011e-01,9.995851240683416572e-01,9.717734231035453085e-01,9.995414438276679636e-01,9.995196030544042376e-01,9.994977618583347212e-01,9.994759202252724295e-01,9.994540781545347974e-01,9.994322356553148046e-01,9.715971139204382379e-01,9.830540709665701593e-01,9.830188399972586977e-01,9.829836074725252226e-01,9.829483733901043241e-01,9.714711606382537834e-01,9.828779005700648552e-01,9.828426618324133113e-01,9.828074215388916679e-01,9.827721796884477667e-01,9.827369362841270606e-01,9.827016913242749840e-01,9.712948006175641247e-01,9.826311967452971974e-01,9.825959471201372031e-01,9.825606959486946623e-01,9.825254432189395315e-01,9.824901889298346402e-01,9.824549330850226303e-01,9.824196756874655767e-01,9.823844167357117518e-01,9.823491562277756328e-01,9.823138941660660706e-01,9.822786305469559665e-01,9.822433653780224816e-01,9.822080986457453200e-01,9.821728303578446395e-01,9.821375605167763645e-01,9.821022891222057627e-01,9.820670161677270693e-01,9.820317416579881220e-01,9.819964655945317977e-01,9.819611879726589665e-01,9.819259087908750461e-01,9.818906280593090452e-01,9.818553457683978358e-01,9.818200619223615977e-01,9.817847765164472440e-01,9.817494895565056501e-01,9.817142010380895956e-01,9.816789109626585796e-01,9.816436193331007365e-01,9.816083261404393578e-01,9.815730313976500643e-01,9.815377350932767975e-01,9.815024372307202816e-01,9.814671378132959756e-01,9.814318368362929812e-01,9.813965343045283340e-01,9.813612302126858422e-01,9.813259245619802007e-01,9.812906173554938327e-01,9.812553085883873871e-01,9.812199982669113085e-01,9.811846863857454082e-01,9.811493729456962631e-01,9.811140579464557865e-01,9.810787413924421108e-01,9.810434232772470287e-01,9.810081036046033320e-01,9.809727823698439764e-01,9.809374595801885199e-01,9.809021352278792794e-01,9.808668093205090699e-01,9.808314818524698220e-01,9.807961528262487683e-01,9.807608222397862230e-01,9.807254900920879814e-01,9.806901563869987459e-01,9.806548211246427504e-01,9.806194842991632354e-01,9.805841459148285644e-01,9.805488059720995908e-01,9.805134644680493228e-01,9.804781214070619200e-01,9.804427767831727092e-01,9.804074305986965054e-01,9.803720828559413514e-01,9.803367335511803393e-01,9.803013826871757042e-01,9.802660302617188792e-01,9.802306762770111037e-01,9.801953207319710204e-01,9.801599636238519375e-01,9.801246049590763842e-01,9.800892447302896882e-01,9.800538829395422091e-01,9.800185195899041579e-01,9.799831546789955494e-01,9.799477882055632749e-01,9.799124201717280824e-01,9.798770505776640549e-01,9.798416794188227197e-01,9.798063067017988015e-01,9.797709324204801895e-01,9.797355565789928056e-01,9.797001791766138945e-01,9.796648002107188891e-01,9.796294196820740652e-01,9.795940375936010858e-01,9.795586539412964866e-01,9.795232687279173955e-01,9.794878819508342493e-01,9.794524936111088653e-01,9.794171037101454536e-01,9.793817122466368374e-01,9.793463192184090893e-01,9.793109246293636438e-01,9.792755284764240731e-01,9.792401307611049432e-01,9.792047314824164905e-01,9.791693306412154740e-01,9.791339282360580487e-01,9.790985242675764866e-01,9.790631187354604803e-01,9.790277116396782775e-01,9.789923029813690780e-01,9.789568927578382596e-01,9.789214809726242139e-01,9.788860676226397439e-01,9.788506527087619258e-01,9.788152362304727294e-01,9.770076501062955332e-01
0.000000000000000000e+00,1.000000000000000000e+00,9.999958229970083989e-01,9.999916459380987499e-01,9.999874688367805797e-01,9.999832917759403639e-01,9.999791146795016239e-01,9.999749375661483031e-01,9.999707604184279175e-01,9.999665832687346656e-01,9.999624060865722752e-01,9.999582289051798245e-01,9.999540516991781702e-01,9.999498744547251627e-01,9.999456972012586986e-01,9.999415199390349063e-01,9.999373426472176751e-01,9.999331653375819196e-01,9.999289880244309758e-01,9.999248106749188958e-01,9.999206333075807418e-01,9.999164559271115360e-01,9.999122785275971204e-01,9.999081011063191138e-01,9.999039236695854704e-01,9.998997462163394800e-01,9.998955687380554069e-01,9.998913912494868939e-01,9.998872137315648612e-01,9.998830361933175315e-01,9.998788586480151785e-01,9.998746810782812577e-01,9.998705034888543119e-01,9.998663258842136470e-01,9.998621482546977690e-01,9.998579706131081046e-01,9.998537929484869746e-01,9.998496152657878611e-01,9.998454375685250639e-01,9.998412598467499857e-01,9.998370821075044379e-01,9.998329043508722425e-01,9.998287265720916528e-01,9.998245487755202943e-01,9.998203709624268187e-01,8.934671498364878950e-01,8.934642300849918728e-01,8.934613103193292938e-01,8.934583905278078442e-01,8.934554707232613691e-01,8.934525508959348938e-01,8.934496310518771356e-01,8.934467111888082513e-01,8.934437913123719488e-01,8.934408714130963602e-01,8.934379514944760237e-01,8.934350315616383931e-01,8.934321116021813891e-01,8.934291916301267955e-01,8.934262716402643356e-01,8.934233516296214983e-01,8.934204316009709546e-01,8.934175115527291933e-01,8.934145914841536973e-01,8.934116714044163521e-01,8.934087513003821091e-01,8.934058311798501739e-01,8.934029110395753648e-01,8.933999908819320046e-01,8.933970707037038883e-01,8.933941505072149347e-01,8.933912302942912387e-01,8.933883100617150408e-01,8.933853898086079326e-01,8.933824695411128891e-01,8.933795492520875126e-01,8.933766289470227440e-01,8.933737086222852675e-01,8.933707882771071418e-01,8.933678679137702083e-01,8.933649475362218650e-01,8.933620271356885745e-01,8.933591067181451129e-01,8.933561862804697551e-01,9.092130325590440654e-01,9.092101982025491136e-01,9.092073638264008828e-01,9.092045294314106130e-01,9.092016950137085107e-01,9.091988605788429156e-01,9.091960261209505179e-01,9.091931916442453909e-01,9.091903571482107260e-01,9.091875226311472158e-01,9.091846880939385978e-01,9.091818535386066991e-01,9.091790189589880056e-01,9.091761843648206165e-01,9.091733497469773884e-01,9.091705151122485562e-01,9.091676804529680300e-01,9.091648457757294244e-01,9.091620110795356480e-01,9.091591763606806653e-01,9.091563416255769026e-01,9.091535068665265173e-01,9.091506720891523452e-01,9.091478372937253916e-01,9.091450024747635972e-01,9.091421676378242944e-01,9.091393327801099433e-01,9.091364979016658410e-01,9.091336630037564204e-01,9.091308280870731284e-01,9.091279931485621857e-01,9.091251581899933987e-01,9.091223232130067888e-01,9.091194882147809464e-01,9.091166531964987030e-01,9.091138181593062528e-01,9.091109831014402287e-01,9.091081480217660937e-01,9.091053129253610088e-01,9.091024778063037104e-01,9.090996426679589515e-01,9.090968075095336998e-01,9.090939723303399500e-01,9.090911371312478950e-01,9.090883019140292287e-01,9.090854666752854474e-01,9.090826314161091215e-01,9.090797961381984482e-01,9.090769608387238021e-01,9.090741255200017745e-01,9.090712901793749356e-01,9.090684548222383032e-01,9.090656194416475433e-01,9.090627840437386364e-01,9.090599486230498405e-01,9.090571131861320264e-01,9.090542777249154272e-01,9.090514422454604171e-01,9.090486067475757048e-01,9.090457712265453960e-01,9.090429356875000533e-01,9.090401001277089721e-01,9.090372645487414527e-01,9.090344289481734341e-01,9.090315933291145400e-01,9.090287576894701127e-01,9.256072197435306625e-01
0.000000000000000000e+00,9.991313218777847505e-01,9.991254132008878797e-01,9.991195044727000374e-01,9.991135956777126292e-01,9.991076868299043623e-01,9.991017779156159406e-01,9.990958689411488791e-01,9.990899599103015838e-01,9.990840508182575741e-01,9.990781416655274416e-01,9.990722324520194819e-01,9.990663231797192179e-01,9.990604138465762896e-01,9.990545044533972741e-01,9.990485950015334238e-01,9.990426854882829000e-01,9.990367759155316385e-01,9.990308662827177555e-01,9.990249565907556306e-01,9.990190468377432298e-01,9.990131370240480368e-01,9.990072271500448631e-01,9.990013172170605360e-01,9.989954072236681970e-01,9.989894971703672244e-01,9.989835870562764342e-01,9.989776768830548326e-01,9.989717666494764003e-01,9.989658563551979675e-01,9.989599460019830124e-01,9.989540355877839506e-01,9.989481251134859630e-01,9.989422145791787555e-01,1.000000000000000000e+00,9.999939939256958787e-01,9.999879877829838115e-01,9.999819815725924377e-01,9.999759752929605616e-01,9.999699689448529050e-01,9.999639625289944433e-01,9.999579560442481974e-01,9.999519494914957951e-01,9.999459428706515274e-01,9.999399361810752396e-01,9.999339294232523212e-01,9.999279225973687346e-01,9.999219157025118765e-01,9.999159087392164302e-01,9.999099017085788521e-01,9.999038946086666879e-01,9.998978874410685558e-01,9.998918802043309517e-01,9.998858728999210355e-01,9.998798655262989277e-01,9.998738580849881874e-01,9.998678505746823042e-01,9.998618429965281384e-01,9.998558353499079621e-01,9.998498276349477853e-01,9.998438198512912267e-01,9.998378119993540647e-01,9.998318040793401362e-01,9.998257960903982333e-01,9.998197880330943477e-01,9.998137799077511101e-01,9.998077717137183740e-01,9.998017634513729490e-01,9.997957551207400373e-01,9.997897467213767708e-01,9.997837382537250184e-01,9.997777297176305700e-01,9.997717211129769632e-01,9.997657124401219120e-01,9.997597036986217711e-01,9.997536948887345565e-01,9.997476860105882768e-01,9.997416770636853300e-01,9.997356680484292824e-01,9.997296589647203247e-01,9.997236498127279880e-01,9.997176405920020770e-01,9.997116313027364365e-01,9.997056219452921111e-01,9.996996125193122751e-01,9.996936030246924565e-01,9.996875934618506543e-01,9.996815838303880764e-01,9.996755741305416443e-01,9.996695643620072680e-01,9.996635545251216781e-01,9.996575446197472070e-01,9.996515346454514228e-01,9.996455246033768560e-01,9.996395144922667342e-01,9.996335043128421471e-01,9.996274940648582907e-01,9.996214837486607774e-01,9.996154733635582712e-01,9.996094629099683271e-01,9.996034523878641886e-01,9.995974417971851267e-01,9.995914311382768647e-01,9.995854204105736329e-01,9.995794096145081964e-01,9.995733987499731965e-01,9.995673878165707293e-01,9.995613768147563194e-01,9.995553657445835904e-01,9.995493546056777312e-01,9.995433433983459404e-01,9.995373321220432095e-01,9.995313207777445363e-01,9.995253093645074527e-01,9.995192978827879271e-01,9.995132863325217887e-01,9.995072747136163338e-01,9.995012630264545894e-01,9.994952512705310710e-01,9.994892394457906004e-01,9.994832275527667509e-01,9.994772155909268374e-01,9.994712035605664013e-01,9.994651914618635224e-01,9.994591792942721931e-01,9.994531670581714433e-01,9.994471547533945177e-01,9.994411423801642380e-01,9.994351299381679654e-01,9.994291174278739920e-01,9.994231048485084923e-01,9.994170922009090186e-01,9.994110794843594769e-01,9.994050666994462873e-01,9.993990538456722916e-01,9.993930409235344259e-01,9.993870279325660633e-01,9.993810148730084553e-01,9.993750017449334333e-01,9.993689885480875335e-01,9.993629752826052037e-01,9.993569619483952948e-01,9.993509485456552044e-01,9.993449350742344972e-01,9.993389215341426102e-01,9.993329079253777669e-01,9.993268942480456607e-01,9.993208805019231367e-01,9.993148666873334918e-01,9.993088528037493701e-01,9.928542377267840502e-01
0.000000000000000000e+00,9.042231507021698533e-01,9.043126221269901510e-01,9.044020760160541572e-01,9.044915122908073757e-01,9.045809310139111270e-01,9.046703321693760902e-01,9.047597157995398431e-01,9.048490818575615213e-01,9.049384303744092417e-01,9.050277613483020955e-01,9.051170747925576521e-01,9.052063707020536754e-01,9.052956490935073486e-01,9.053849099670024936e-01,9.054741533183116031e-01,9.055633791807642385e-01,9.056525875247790625e-01,9.057417783620279605e-01,9.058309517251241783e-01,9.059201075711510454e-01,9.060092459590662894e-01,9.060983668606326091e-01,9.061874702890090338e-01,9.062765562513682704e-01,9.063656247474805028e-01,9.064546757897350426e-01,9.065437093801638202e-01,9.066327255193760148e-01,9.067217242156234702e-01,9.068107054723228977e-01,9.068996692949932159e-01,9.069886157010463856e-01,9.070775446775644069e-01,9.071664562298132894e-01,9.072553503781961570e-01,9.073442271118445923e-01,9.074330864427346821e-01,9.075219283819022653e-01,9.076107529232468885e-01,9.076995600836640365e-01,9.077883498546591712e-01,9.078771222501073046e-01,9.079658772755959673e-01,9.080546149327369809e-01,9.081433352289302041e-01,9.082320381658408603e-01,9.083207237435099168e-01,9.084093919825889651e-01,9.084980428749700465e-01,9.085866764281841368e-01,9.086752926551550091e-01,9.087638915544786755e-01,9.088524731276359514e-01,9.089410373805538734e-01,9.090295843244016183e-01,9.091181139596726801e-01,9.092066262948028665e-01,9.092951213295813462e-01,9.093835990712442197e-01,9.094720595251338802e-01,9.095605027017333866e-01,9.096489285970539296e-01,9.097373372198434005e-01,9.098257285749822287e-01,9.996335957551357732e-01,9.994837220859565941e-01,9.994929296619078363e-01,9.998044377864838683e-01,9.997387158788257899e-01,1.000000000000000000e+00,9.995775503936878970e-01,7.441525631691083831e-01,7.442934997630114013e-01,7.446974538908905927e-01,7.447838684092790151e-01,7.451972641616797510e-01,7.455173612567098651e-01,7.455160087105513478e-01,7.458013542135949470e-01,7.460362111431364518e-01,7.461811913248331818e-01,3.806277056103440359e-01,3.801436666197483549e-01,3.804137402880836127e-01,3.804795601747497091e-01,3.803065758522932160e-01,3.800960905330321160e-01,3.799920655936883662e-01,3.800074467392223765e-01,3.798634610327639716e-01,3.799539102941695279e-01,3.799944085449674658e-01,3.799356839372168837e-01,3.456487421456724274e-01,3.796245901495409192e-01,3.795454497492939949e-01,3.796118747993992293e-01,3.793992144087400264e-01,3.793967024613008054e-01,3.463709150580716045e-01,3.793181811479184873e-01,3.792225794058384780e-01,3.790675876493560525e-01,3.788442516559175632e-01,3.789392988093601145e-01,3.790221225260350657e-01,3.788319879391130462e-01,3.788050686476723272e-01,3.787473496082019997e-01,3.787111060730817824e-01,3.786531210315808860e-01,3.785595729236068685e-01,3.785023510503632838e-01,3.783215317645614029e-01,3.490285781762670902e-01,3.782985716367160967e-01,3.781658120614452834e-01,3.781866436684493404e-01,3.781094123489753267e-01,3.778937204792880977e-01,3.779953144794827580e-01,3.778895438932188267e-01,3.778868666367043994e-01,3.777620827402813908e-01,3.776849600297065290e-01,3.774946976788790542e-01,3.775208179581214796e-01,3.776286426015362241e-01,3.775194047808129727e-01,3.774600344289273934e-01,3.773550789166904562e-01,3.773566639712192528e-01,3.770833339816646590e-01,3.517026909592161910e-01,3.771815034351603257e-01,4.755680984293629843e-01,4.755956068662383629e-01,4.756429909354727981e-01,4.756476889411694331e-01,4.757780961422750643e-01,4.756272386424857945e-01,4.756332942580945300e-01,4.757277290400844239e-01,4.757848220106183912e-01,4.756512523036471873e-01,4.756353879713102750e-01,4.755988656357528210e-01,4.756889492680567710e-01,4.756345539318269644e-01,6.632747442117895575e-01
0.000000000000000000e+00,9.910408327360595848e-01,9.927472823249597900e-01,9.910311655514336682e-01,9.911575146088867916e-01,9.911526838205102496e-01,9.911478531196895592e-01,9.911430220892394338e-01,9.910069936854355444e-01,9.911333598588172311e-01,9.909973240109468673e-01,9.911236969379778605e-01,9.911188653012821259e-01,9.926895859521814858e-01,9.926843397787532552e-01,9.909731474005996077e-01,9.910995373959827770e-01,9.909634757351083456e-01,9.910898726016096338e-01,9.910850400046085085e-01,9.910802072325084477e-01,9.926476114391041827e-01,9.926097000816305194e-01,9.909344575057610349e-01,9.909296206591832190e-01,9.925939532034915302e-01,9.910512078199215091e-01,9.926161230044014960e-01,9.926108742826406095e-01,9.926056254103250431e-01,9.909005965802223370e-01,9.910270378310882533e-01,9.910222034157928350e-01,9.925519536679069388e-01,9.908812444154362353e-01,9.925741283412430338e-01,9.925688782028664336e-01,9.908667288373163018e-01,9.925256981122912991e-01,9.925531267113311129e-01,9.925478758470361873e-01,9.925099426249666124e-01,9.908425333858803530e-01,9.908376938886748198e-01,9.908328542358963986e-01,9.909593433289470843e-01,9.925163669356539264e-01,9.925111148165344233e-01,9.924731735312717351e-01,9.925006100356901229e-01,9.924953573837588250e-01,9.924901045511589359e-01,9.909254858365822427e-01,9.924795983372822761e-01,9.907844501312913499e-01,9.907796089639535619e-01,9.907747676485397781e-01,9.924585837615937933e-01,9.907650845924991234e-01,9.924153757107906371e-01,9.924101202873902849e-01,9.924375662965507772e-01,9.923996088932969251e-01,9.924270564838383324e-01,9.924218013077674705e-01,9.924165459616579588e-01,9.923785839451227941e-01,9.924060347057669373e-01,9.907166609716967498e-01,9.907118178346909776e-01,9.923902664838318843e-01,9.923522987131495610e-01,9.923797534333501646e-01,9.923744966429968173e-01,9.923365254081225606e-01,9.923312672817160562e-01,9.923260089717681476e-01,9.923207504803647216e-01,9.923482099617573216e-01,9.923429520880335808e-01,9.923376940303072491e-01,9.951135539498764393e-01,9.951076088747276005e-01,9.943368880399745535e-01,9.943311352452621765e-01,9.943253822231675754e-01,9.943196289583904335e-01,9.943138754668533474e-01,9.950719330000402651e-01,9.950659861123429817e-01,9.950600389767234599e-01,9.950540915730452518e-01,9.942851044483271838e-01,9.942793495471518028e-01,9.942735943975098412e-01,9.950302993626427561e-01,9.942620834019968434e-01,9.950184017099876765e-01,9.950124524896521994e-01,9.950065030150800904e-01,9.942390585783645873e-01,9.942333017777115201e-01,9.942275447449658854e-01,9.949827025187643059e-01,9.949767517437251296e-01,9.942102722347249122e-01,9.949648494185826531e-01,9.949588978654098081e-01,9.949529460597917874e-01,9.941872389203580962e-01,9.941814800000808861e-01,9.941757208486686759e-01,9.941699614510950411e-01,9.949231831249738534e-01,9.941584419656197547e-01,9.949112761299431229e-01,9.949053222476557101e-01,9.948993680972473275e-01,9.941354001508440064e-01,9.948874590301969301e-01,9.941238778305652168e-01,9.941181163055711201e-01,9.941123545602502665e-01,9.941065925675975912e-01,9.948576818162749857e-01,9.948517255915254598e-01,9.948457691154144467e-01,9.940835422497807938e-01,9.940777790806846204e-01,9.940720156758182657e-01,9.948219405919114244e-01,9.948159828123025461e-01,9.948100247732812873e-01,9.948040664735987582e-01,9.947981079157589557e-01,9.940374302768215653e-01,9.940316652143159626e-01,9.940258999172083554e-01,9.940201343862904437e-01,9.940143686159028658e-01,9.947623510994136886e-01,9.988628932507637170e-01,9.947504300840099845e-01,9.947444691859345101e-01,9.947385080257318268e-01,9.988346895634514500e-01,9.988276376246789656e-01,1.000000000000000000e+00,9.999926602423703237e-01,9.999853200329389402e-01,9.866498642532091079e-01
0.000000000000000000e+00,9.999878032351913193e-01,9.999884139687348350e-01,9.999890245891188689e-01,9.999896351291021057e-01,9.999902455750058206e-01,9.999908559187151713e-01,9.999914661743426469e-01,9.999920763423435499e-01,9.999926864116271963e-01,9.999932963881911219e-01,9.999939062710028193e-01,9.999945160637492281e-01,9.999951257579671182e-01,9.999957353649175928e-01,9.999963448741168159e-01,9.999969542967463987e-01,9.999975636239356591e-01,9.999981728559379501e-01,9.999987819947970813e-01,9.999993910429150201e-01,1.000000000000000000e+00,7.540580594542308779e-01,7.539258676305814477e-01,7.539571149263825101e-01,7.539101583450547039e-01,7.538412752117622517e-01,7.539291948950188615e-01,7.536761638874552860e-01,7.541283352130982998e-01,7.538546620983979096e-01,7.539269529783420021e-01,7.536582030096363738e-01,6.356420559779013546e-01,6.356257958761927229e-01,6.354463553072371429e-01,6.355467596253592255e-01,6.355264830302369550e-01,6.354684992725240233e-01,6.353373442165493046e-01,6.353804094761422716e-01,6.354375998300977324e-01,6.353025547441295551e-01,5.468767699168773921e-01,5.468571714097865133e-01,5.468375720232578896e-01,5.468179717570105236e-01,5.467983706106265274e-01,5.467787685834849531e-01,5.467591656784812626e-01,5.467395618914819844e-01,5.467199572243673922e-01,5.467003516777526606e-01,5.466807452510935583e-01,5.466611379439563212e-01,5.466415297555776709e-01,5.466219206871519853e-01,5.466023107390778346e-01,5.465826999091868421e-01,5.465630882000545032e-01,5.465434756087630408e-01,5.465238621364806315e-01,5.465042477834485268e-01,5.464846325512258129e-01,5.464650164371933627e-01,5.464453994423602579e-01,5.464257815659950834e-01,5.464061628074534660e-01,5.463865431701177000e-01,5.463669226505166732e-01,5.463473012507080728e-01,5.463276789670277189e-01,5.463080558046932156e-01,5.462884317586063077e-01,5.462688068312676615e-01,5.462491810224849864e-01,5.462295543335222714e-01,5.462099267611651987e-01,5.461902983087119079e-01,5.461706689732955811e-01,5.461510387562769075e-01,5.461314076572373333e-01,5.461117756761189046e-01,5.460921428130718347e-01,5.460725090680903504e-01,5.460528744401904611e-01,5.460332389307667178e-01,5.460136025386991276e-01,5.459939652642361585e-01,5.459743271071940685e-01,5.459546880687674575e-01,5.459350481470169880e-01,5.459154073431714549e-01,5.458957656555506466e-01,5.458761230856088442e-01,5.458564796337346259e-01,5.458368352986545657e-01,5.458171900805351973e-01,5.457975439792769334e-01,5.457778969945064063e-01,5.457582491280719150e-01,5.457386003775470673e-01,5.457189507446087440e-01,5.456993002274747040e-01,5.456796488275976742e-01,5.456599965439516975e-01,5.456403433773036049e-01,5.456206893269865965e-01,5.456010343931172457e-01,5.455813785759109358e-01,5.455617218742887520e-01,5.455420642899521111e-01,5.455224058216147087e-01,5.455027464691600825e-01,5.454830862327464391e-01,5.454634251124464983e-01,5.454437631077984072e-01,5.454241002198361166e-01,5.454044364472001583e-01,5.453847717901638692e-01,5.453651062495747937e-01,5.453454398244036438e-01,5.453257725146374302e-01,5.453061043197303670e-01,5.452864352420826455e-01,5.452667652789034980e-01,5.452470944310459089e-01,5.452274226985865946e-01,5.452077500815287747e-01,5.451880765792749273e-01,5.451684021929388280e-01,5.451487269210264497e-01,5.451290507639255933e-01,5.451093737222298952e-01,5.450896957960845723e-01,5.450700169838094133e-01,5.450503372870252328e-01,5.450306567044338468e-01,5.450109752363937465e-01,5.449912928835652925e-01,5.449716096448002922e-01,5.449519255207219137e-01,5.449322405107648315e-01,5.449125546152101540e-01,5.448928678344544529e-01,5.448731801682561438e-01,5.448534916152339980e-01,5.448338021771419459e-01,5.448141118529904459e-01,5.447944206423948055e-01,6.270129877068580937e-01
0.000000000000000000e+00,9.443188214695368288e-01,9.443042402364448806e-01,9.442896588405451652e-01,9.442750772851403740e-01,9.442604955689830604e-01,9.442459136923407881e-01,9.442313316487083164e-01,9.442167494496181979e-01,9.442021670840101688e-01,9.441875845593894478e-01,9.441730018735267072e-01,9.441584190267133803e-01,9.441438360162032195e-01,9.441292528450148103e-01,9.441146695139039924e-01,9.441000860196376854e-01,9.440855023650304156e-01,9.440709185472044851e-01,9.440563345690150543e-01,9.440417504291763739e-01,9.440271661279048265e-01,9.440125816653291979e-01,9.439979970405255605e-01,9.439834122545195383e-01,1.000000000000000000e+00,9.999864697082934129e-01,9.999729392599342459e-01,9.999594086572426432e-01,9.999458778986328733e-01,9.999323469841908674e-01,9.723524085701801267e-01,9.723437621878943116e-01,9.723296232681125639e-01,9.723205388256224158e-01,9.723111881214339114e-01,9.722831068419458544e-01,9.722871507105487199e-01,9.722662381400148934e-01,9.722690985668639430e-01,9.722544895397535747e-01,9.722580154165925137e-01,9.722471305787016016e-01,9.722263831029601677e-01,9.722228145109893527e-01,9.722187943251399123e-01,9.722143519570385362e-01,9.722095143161479935e-01,9.721924114418399876e-01,9.721870973369246549e-01,9.721863935826995373e-01,9.721657779362545826e-01,9.721501829785418325e-01,9.721594359022021070e-01,9.721435181036243156e-01,9.721276788951846992e-01,9.721251688389968004e-01,9.721222651042374929e-01,9.721117722858446664e-01,9.720956808977488928e-01,9.720961646891808083e-01,9.720852643676844984e-01,9.720730401859426495e-01,9.720619802779720819e-01,9.720573771054032974e-01,9.720460529906215230e-01,9.720334975365395591e-01,9.720257417271903622e-01,9.720178101022751704e-01,9.720086022087875977e-01,9.720003570678248384e-01,9.364834742405665491e-01,9.364821584866068749e-01,9.364714729850666108e-01,9.364612298012996439e-01,9.364547272740765260e-01,9.364480176192823135e-01,9.364539265708435867e-01,9.364424445990338075e-01,9.364355605697803897e-01,9.364403263933457344e-01,9.364243105875917905e-01,9.364203718745947036e-01,9.364201461680612404e-01,9.364156667287441005e-01,9.364109545947447710e-01,9.363950030151719783e-01,9.363899755133807679e-01,9.363922146980977468e-01,9.363792906302381702e-01,9.363773038437310792e-01,9.363678119691333235e-01,9.363617911187042120e-01,9.363591296011838372e-01,9.363562190591159240e-01,9.363496027363541474e-01,9.363325388550004513e-01,9.363324967982515901e-01,9.363355213216389972e-01,9.363211689461042875e-01,9.363137964863440521e-01,9.363160634173518515e-01,9.363083219931466195e-01,9.363036479167954340e-01,9.362892906473947452e-01,9.362906101716124141e-01,9.362788364986248668e-01,9.362673839445813107e-01,9.362650231170308590e-01,9.362564004263003170e-01,9.362536598329574966e-01,9.362473873373274857e-01,9.362442631745454547e-01,9.362380258453014692e-01,9.362312996461974457e-01,9.362305109202069264e-01,9.362209711135502932e-01,9.362138265196554565e-01,9.362068934012008903e-01,9.362026028401370104e-01,9.361978163347244308e-01,9.361877526099819935e-01,9.361884173335163206e-01,9.361831624309137068e-01,9.361754210949666533e-01,9.361672593701660938e-01,9.361645395129255531e-01,9.361613273457635165e-01,9.361505264451431829e-01,9.361444735973203368e-01,9.361411286280092447e-01,9.361322864703537361e-01,9.361336410265618246e-01,9.361245561683368965e-01,9.361107666248099646e-01,9.361137631962643812e-01,9.361043909447782640e-01,9.361024464502880615e-01,9.360928755486318531e-01,9.360927184325098516e-01,9.360855758273118887e-01,9.360827284198066645e-01,9.360750774285500064e-01,9.360629956725621259e-01,9.360574773514465097e-01,9.360563830819845776e-01,9.360440865228749630e-01,9.360382232092407939e-01,9.360322450792045723e-01,9.360327910578823962e-01,9.434042827749800075e-01
0.000000000000000000e+00,1.000000000000000000e+00,9.999798151328903595e-01,9.999596296063955059e-01,9.999394433886503730e-01,9.999192564819970874e-01,9.998990688825789563e-01,9.998788806016409847e-01,9.998586916228228150e-01,9.998385019638184046e-01,9.998183116149137462e-01,9.997981205786887760e-01,9.997779288510532103e-01,9.997577364365085595e-01,9.997375433323233418e-01,9.997173495430039525e-01,9.996971550607270940e-01,9.996769598916779298e-01,9.996567640356655016e-01,9.996365674892478959e-01,9.996163702539015983e-01,9.995961723323423254e-01,9.995759737202833950e-01,9.995557744195250338e-01,9.995355744299481149e-01,9.995153737514690384e-01,9.994951723846601244e-01,9.994749703289900200e-01,9.994547675828713285e-01,9.994345641489145171e-01,9.994143600254513649e-01,9.993941552140588325e-01,9.993739497133479199e-01,6.342885199873847801e-01,6.342544563974081839e-01,6.342203914240926999e-01,6.341863250673415164e-01,6.341522573265824247e-01,6.341181882009103710e-01,6.340841176915597011e-01,6.340500457970786874e-01,6.340159725195475549e-01,6.339818978546452044e-01,6.339478218062520876e-01,6.339137443751280410e-01,6.338796655567758842e-01,6.338455853545176266e-01,6.338115037661409268e-01,6.337774207937245663e-01,6.337433364362755617e-01,6.337092506926764734e-01,6.336751635650631487e-01,6.336410750503487233e-01,6.336069851506351824e-01,6.335728938646889574e-01,6.335388011946464504e-01,6.335047071377977179e-01,6.334706116943382703e-01,6.334365148673788415e-01,6.334024166521782240e-01,6.333683170519143202e-01,6.333342160642507768e-01,6.333001136913531948e-01,6.332660099314679769e-01,6.332319047857664085e-01,6.331977982526584281e-01,6.331636903334495470e-01,6.331295810275290314e-01,6.330954703349643831e-01,6.330613582546359419e-01,6.330272447884909282e-01,6.329931299344723206e-01,6.329590136925465904e-01,6.329248960651151501e-01,6.328907770497735896e-01,6.328566566461769627e-01,6.328225348560588825e-01,6.327884116784824320e-01,6.327542871117717294e-01,6.327201611590443919e-01,6.326860338175583909e-01,6.326519050881226347e-01,6.326177749710466536e-01,6.325836434657621243e-01,6.325495105721726796e-01,6.325153762900057597e-01,6.324812406202624526e-01,6.324471035617584835e-01,6.324129651147729625e-01,6.323788252790376596e-01,6.323446840543412995e-01,6.323105414411094305e-01,6.322763974395787523e-01,6.322422520485372344e-01,6.322081052687534841e-01,6.321739570994794333e-01,6.321398075411490680e-01,6.321056565935359028e-01,6.320715042566480424e-01,6.320373505306363660e-01,6.320031954144407216e-01,6.319690389088881144e-01,6.319348810137285222e-01,6.319007217282919253e-01,6.318665610534662802e-01,6.318323989882935754e-01,6.317982355333390254e-01,6.317640706886856750e-01,6.317299044531284880e-01,6.316957368275899487e-01,6.316615678114694266e-01,6.316273974047964535e-01,6.315932256080764029e-01,6.315590524198476663e-01,8.292247766218860949e-01,8.292076176426473877e-01,8.291902934876490550e-01,8.291337100125628634e-01,8.291002042936461702e-01,8.290828680419616292e-01,8.290653749669051331e-01,8.290288232704902116e-01,8.289736774657036067e-01,8.289778541866740236e-01,8.288862411525272922e-01,8.288871804398151300e-01,8.288150389123384310e-01,8.287976633978565433e-01,8.287980202652034389e-01,8.287476605611991953e-01,8.287123630643544736e-01,8.286771939545950483e-01,8.286768306391909533e-01,8.286244404924127949e-01,8.285752491783762164e-01,8.285405451250588138e-01,8.284891219353316405e-01,8.284547668282651323e-01,8.284702951322866493e-01,8.284193260811131276e-01,8.283877583151254553e-01,8.283698136882937657e-01,8.283194914120987074e-01,8.282855096806396311e-01,8.282675311798133322e-01,8.282046569339244213e-01,8.281710540449166436e-01,8.281531247493548742e-01,8.280886411346498610e-01,8.280707846464862021e-01,7.539249751439938141e-01
0.000000000000000000e+00,1.000000000000000000e+00,9.999912655385149174e-01,9.999825310230522346e-01,9.999737964050198213e-01,9.999650617217720194e-01,9.999563269838290802e-01,9.999475921854583671e-01,9.999388573159267990e-01,9.999301223841796649e-01,9.999213873824671639e-01,9.999126523126860011e-01,9.999039171803838499e-01,9.998951819812500474e-01,9.998864467245737186e-01,9.998777113907288960e-01,9.998689759979055847e-01,9.998602405326019182e-01,9.998515050106427937e-01,9.998427694188116721e-01,9.998340337618840667e-01,9.998252980420934133e-01,9.998165622540813313e-01,9.998078264009253591e-01,9.997990904818884195e-01,9.997903544996115111e-01,9.997816184485718294e-01,9.997728823344798066e-01,8.115608709661957798e-01,8.114474677059129171e-01,8.114672826876789813e-01,8.114263286124879793e-01,8.114692163085986953e-01,8.114691725771598918e-01,8.113914273445402836e-01,8.114111728758708342e-01,8.113746368481685733e-01,8.113888289377273466e-01,8.113537361221794253e-01,8.611452189735714358e-01,8.611351351221792072e-01,8.611213914057753716e-01,8.611077806380368349e-01,8.611011605010926440e-01,8.610943432276936260e-01,8.610807803882781775e-01,8.610673310355378973e-01,8.610539879194906154e-01,8.610530467418902045e-01,8.610215688348069607e-01,8.610174971359207952e-01,8.609986695056180972e-01,8.609801449401207618e-01,8.609619062671144407e-01,8.609658086156137813e-01,8.609476971250847877e-01,8.609351137443532753e-01,8.609329470337043766e-01,8.609024879439421962e-01,8.609002055783607776e-01,8.608976338466212130e-01,8.608705855188369949e-01,8.608631052964448305e-01,8.608508281361728631e-01,8.608293659587415991e-01,8.608218536550746869e-01,8.608075334032507797e-01,8.608043240214950931e-01,8.607835188493915268e-01,8.607758361650837964e-01,8.607680598106534076e-01,8.607477189420259522e-01,8.607419964008611313e-01,8.607300580703787229e-01,8.607101666097241033e-01,8.607023233031414478e-01,8.606905132134775593e-01,8.606710568750731705e-01,8.606593886098286017e-01,8.606496109924712812e-01,8.606342639919114523e-01,8.606226703419467272e-01,8.606146925590175689e-01,8.606030858727324873e-01,8.605809509385163869e-01,8.605816585024085308e-01,8.605666431667247096e-01,8.605415408603414029e-01,8.605335344972789846e-01,8.605221445821829018e-01,8.605025657216835988e-01,8.605010176280788459e-01,8.604928466854757652e-01,8.604719179227164894e-01,8.604669045797418425e-01,8.604493358058844521e-01,8.604457451480096442e-01,8.604252609583531441e-01,8.604140086716891567e-01,8.604027622517872453e-01,8.603885694267567885e-01,8.603788264201149838e-01,8.603647165777161820e-01,8.603506679346270003e-01,8.603395172612176012e-01,8.603227472317814817e-01,8.603186201512187381e-01,8.602991898730150133e-01,8.602881168357938702e-01,8.602743375240325951e-01,8.602619517235815527e-01,8.602456017655946141e-01,8.602319838983440992e-01,8.602210254602606909e-01,8.602022986205405397e-01,8.602003917729822424e-01,8.601919667878812348e-01,8.601784521757341873e-01,8.601624792036312028e-01,8.601503111736712448e-01,8.601418534060105703e-01,8.601235955797513766e-01,8.601102967087893569e-01,8.601006351565650965e-01,8.600873821781523931e-01,8.600741658543449297e-01,8.600586425553913283e-01,8.600501639730369074e-01,8.600381864693218414e-01,8.600250813203028644e-01,8.600165504216236156e-01,8.599967158597556782e-01,8.599848412739928838e-01,8.599763106956646030e-01,8.599655408435171733e-01,8.599471139271424036e-01,8.599320537291750277e-01,8.599235171605654759e-01,8.599106673880357876e-01,8.598989049325742595e-01,8.598861011610553495e-01,8.598733234744941889e-01,8.598584926565194797e-01,8.598468102350436126e-01,8.598361644789095370e-01,8.598255142531171513e-01,8.598108162874266158e-01,8.597971710552966274e-01,8.597845611767136464e-01,8.597759352938230126e-01,8.762266418737859608e-01
0.000000000000000000e+00,1.000000000000000000e+00,9.999940015855618425e-01,9.999880031206357378e-01,9.999820045486880193e-01,9.999760059010029956e-01,9.999700071723692796e-01,9.999640083913338140e-01,9.999580095095610410e-01,9.999520105731753983e-01,9.999460115570456553e-01,9.999400124619294283e-01,9.999340132865044417e-01,9.999280140479872570e-01,9.999220147333300890e-01,9.999160153394153205e-01,9.999100158767296742e-01,9.999040163348746901e-01,9.998980167210921310e-01,9.998920170300535926e-01,9.998860172648645905e-01,9.998800174250603856e-01,9.998740175108943307e-01,9.998680175213344734e-01,9.998620174561416718e-01,9.998560173170768506e-01,9.998500171058658514e-01,9.998440168185398491e-01,9.998380164546271098e-01,9.998320160175323545e-01,9.998260155062432819e-01,9.219210458140052467e-01,9.219125630500596413e-01,9.219040801231979110e-01,9.218955970411806256e-01,9.218871137971436092e-01,9.218786303949892957e-01,9.218701468366430340e-01,9.218616631155682750e-01,9.218531792364871302e-01,9.218446951991803306e-01,9.218362110018031297e-01,9.218277266460100927e-01,9.218192421304418627e-01,9.218107574555538530e-01,9.218022726230643560e-01,9.217937876305113409e-01,9.217853024778818183e-01,9.217768171687468204e-01,9.217683316976810204e-01,9.217598460698686047e-01,9.217513602805449402e-01,9.217428743344090458e-01,9.217343882270351285e-01,9.217259019625619887e-01,9.217174155381402390e-01,9.217089289540399966e-01,9.217004422109021933e-01,9.216919553081109884e-01,9.216834682470077533e-01,9.216749810264756038e-01,9.216664936466892888e-01,9.216580061080515973e-01,9.216495184108224326e-01,9.216410305529584290e-01,9.216325425360814005e-01,9.216240543600051627e-01,9.216155660257812077e-01,9.216070775327731557e-01,9.215985888787421310e-01,9.215901000657907849e-01,9.215816110953300999e-01,9.215731219636769112e-01,9.215646326745191574e-01,9.215561432245671369e-01,9.215476536165264632e-01,9.215391638486480907e-01,9.215306739210278320e-01,9.215221838344553884e-01,9.215136935898474713e-01,9.215052031845883951e-01,9.214967126205870773e-01,9.214882218963237337e-01,9.214797310143070241e-01,9.214712399724744873e-01,9.214627487704182274e-01,9.214542574110545781e-01,9.214457658906641813e-01,9.214372742116229142e-01,9.214287823739796268e-01,9.214202903764517893e-01,9.214117982188788636e-01,9.214033059024476779e-01,9.213948134268696855e-01,9.213863207923648213e-01,9.213778279974690344e-01,9.213693350447255126e-01,9.213608419312293574e-01,9.213523486593868661e-01,9.213438552269542781e-01,9.213353616369479582e-01,9.213268678860120353e-01,9.213183739762155211e-01,9.213098799080311485e-01,9.213013856794293188e-01,9.212928912918011415e-01,9.212843967442128079e-01,9.212759020379392982e-01,9.212674071718310875e-01,9.212589121465856179e-01,9.212504169618448424e-01,9.212419216176986891e-01,9.212334261143900749e-01,9.212249304510049530e-01,9.212164346287520234e-01,9.212079386475318099e-01,9.211994425062397518e-01,9.211909462054270747e-01,9.211824497454854654e-01,9.211739531258164027e-01,9.211654563470813573e-01,9.211569594083623969e-01,9.211484623111584336e-01,9.211399650537255290e-01,9.211314676365164322e-01,9.211229700609392390e-01,9.211144723254439670e-01,9.211059744302998453e-01,9.210974763755278572e-01,9.210889781609177263e-01,9.210804797878345829e-01,9.210719812547460972e-01,9.210634825621140109e-01,9.210549837102414150e-01,9.210464846987610477e-01,9.210379855279852146e-01,9.210294861970435010e-01,9.210209867069667489e-01,9.210124870575744360e-01,9.210039872475621614e-01,9.209954872795501624e-01,9.209869871513792772e-01,9.209784868641366362e-01,9.209699864164219152e-01,8.738075946517344095e-01,8.737979830316661145e-01,8.737883712161926830e-01,8.737787592058623432e-01,8.737691470016094586e-01,8.737595346016316933e-01,9.290896916250801496e-01
0.000000000000000000e+00,8.389841521015484194e-01,8.389801304923453218e-01,8.389761088475269357e-01,8.389720872029504672e-01,8.389680655471407622e-01,8.389640438717719251e-01,8.389600221878701358e-01,8.389560004977908436e-01,8.389519787898161995e-01,8.389479570736775305e-01,8.389439353475359740e-01,8.389399136055903927e-01,8.389358918545125610e-01,8.389318700898482639e-01,8.389278483157653898e-01,8.389238265279321816e-01,8.389198047295644001e-01,1.000000000000000000e+00,9.999973879663555110e-01,9.999947759307747930e-01,9.999921638957586234e-01,9.999895518572041730e-01,9.999869398161692624e-01,9.999843277737305858e-01,9.999817157299808468e-01,9.999791036826988222e-01,9.999764916331069786e-01,9.999738795836589089e-01,9.999712675308728427e-01,9.999686554770004232e-01,9.999660434204291626e-01,9.999634313617152825e-01,9.999608193017557323e-01,9.999582072395478693e-01,9.999555951749701244e-01,9.999529831082696330e-01,9.999503710403937484e-01,9.999477589696702529e-01,9.999451468981843671e-01,9.999425348243534684e-01,7.580568748589846528e-01,7.580619796853969028e-01,7.580665427446673377e-01,7.580706009975862747e-01,7.580418210599798590e-01,9.386614758554918669e-01,9.386672433109451985e-01,9.386615400927399433e-01,9.386689001452938053e-01,9.386873912466857650e-01,9.386472325935226735e-01,9.386651122100754252e-01,9.386652753128930105e-01,9.386134762600242265e-01,9.386344045080950993e-01,9.386543853589512931e-01,9.385969183032214502e-01,9.386111340548010107e-01,9.386264227950552597e-01,9.385981779547811765e-01,9.385905703213720530e-01,9.386068631163432263e-01,9.385940425223486816e-01,9.385927840458572202e-01,9.386151540537666094e-01,9.385817169380119562e-01,9.385578058158896564e-01,9.385886631174813477e-01,9.385657288887956362e-01,9.653488640685495836e-01,9.653600553761648717e-01,9.653041011851505315e-01,9.653284873938033916e-01,9.653402823546274325e-01,9.653504680556632689e-01,9.653097017422740400e-01,9.653084235819363590e-01,9.653182486703459908e-01,9.653033810282518612e-01,9.653138697946160862e-01,9.652873192899373844e-01,9.652847276741702842e-01,9.652715564525515823e-01,9.652918555608263063e-01,9.652889550922684192e-01,9.652646786311019911e-01,9.652950631614770627e-01,9.652928831459721692e-01,9.652572700786885562e-01,9.652553388040718829e-01,9.652523820467290294e-01,9.652712230885172051e-01,9.652162806091871827e-01,9.652451202357198445e-01,9.652419813450252573e-01,9.652096811946622168e-01,9.652265860762591076e-01,9.652341302859356320e-01,9.652220058926179735e-01,9.651995390846379586e-01,9.652163524327156408e-01,9.651941877828266181e-01,9.651825380817123934e-01,9.651895042646482237e-01,9.651771010852422394e-01,9.651838019835148330e-01,9.651723163423913121e-01,9.651779465467903441e-01,9.651753650455767719e-01,9.651552598316980314e-01,9.651606261911257478e-01,9.651494198449676043e-01,9.651553427944221664e-01,9.651442063921682468e-01,9.651499011560640273e-01,9.651380798861364241e-01,9.651271234846298119e-01,9.651244187732724855e-01,9.651135952622742487e-01,9.651269131463277029e-01,9.651081367322541515e-01,9.651125203293567933e-01,9.650940052926662016e-01,9.651067356045699430e-01,9.651037946231421083e-01,9.650931882756905722e-01,9.650902451649201463e-01,9.650722407931926483e-01,9.650768099518419740e-01,9.650738335296785708e-01,9.650708274483135174e-01,9.650823686957363812e-01,9.650574953374153608e-01,9.650688176402161256e-01,9.650442659404621093e-01,9.650553749664010361e-01,9.650381580130547032e-01,9.650490083799941887e-01,9.650388651673270646e-01,9.650287961739656417e-01,9.650119750889768477e-01,9.650094907521681309e-01,9.650198198681008144e-01,9.650032054130641690e-01,9.650133002788523484e-01,9.650034145108452588e-01,9.650066902647027600e-01,9.650104472139626743e-01,9.649941214956436752e-01,9.386147962783040199e-01
0.000000000000000000e+00,1.000000000000000000e+00,6.415442453101042330e-01,6.415335240741556477e-01,9.999721344377213716e-01,9.999628449680126874e-01,9.999535550123653804e-01,9.999442645194116519e-01,9.999349736627451968e-01,9.999256822670758993e-01,9.999163904603602937e-01,9.999070981605557851e-01,9.998978053485582107e-01,9.998885120983470598e-01,9.998792183937861289e-01,9.998699242027606626e-01,9.998606295093401819e-01,9.998513343397716913e-01,9.998420387619063598e-01,9.998327426448405664e-01,9.998234461019018804e-01,9.998141490260539221e-01,9.998048515384303503e-01,9.997955535693886508e-01,9.997862550850434848e-01,9.997769561792436699e-01,9.997676567823436944e-01,9.997583569168663198e-01,9.997490565487079373e-01,9.997397557352249997e-01,9.997304544323769582e-01,9.997211526588998254e-01,9.997118504312839660e-01,9.997025477129557469e-01,9.996932445284917312e-01,9.996839408649688119e-01,9.996746367286162283e-01,9.996653321017964222e-01,9.996560270337343512e-01,9.996467214830676573e-01,9.996374154410739843e-01,9.996281089396410469e-01,9.996188019628956534e-01,9.996094945119781139e-01,9.996001865958332733e-01,9.995908781902178575e-01,9.995815693185940987e-01,9.995722599872045588e-01,9.995629501480965962e-01,9.995536398715458848e-01,9.995443290982097828e-01,9.995350178534694319e-01,9.995257061453576286e-01,9.995163939646234397e-01,9.995070813019012457e-01,9.994977681476880926e-01,9.994884545454013614e-01,9.994791404672976887e-01,9.994698259024017428e-01,9.994605108767563584e-01,9.994511953661642245e-01,9.994418793904258358e-01,9.994325629338610684e-01,9.994232460051317712e-01,9.994139285986782806e-01,9.994046107166680848e-01,9.993952923755928808e-01,9.993859735445472792e-01,9.993766542399509234e-01,9.993673344754738785e-01,9.993580142193384530e-01,9.993486934935112975e-01,9.993393722965260295e-01,9.993300506204952915e-01,9.993207284719199945e-01,9.993114058513856701e-01,9.993020827529125460e-01,9.992927591822092781e-01,9.992834351310414531e-01,9.992741106159959141e-01,9.992647856145170371e-01,9.992554601448736529e-01,9.992461342089532517e-01,9.992368077776467850e-01,9.992274808871871583e-01,9.992181535082594879e-01,9.992088256715416783e-01,9.991994973473452557e-01,9.991901685574794412e-01,9.991808392842989051e-01,9.991715095399648083e-01,9.991621793221300285e-01,9.991528486242426954e-01,9.991435174523075613e-01,9.991341858131589371e-01,9.991248536875229069e-01,9.991155210932608499e-01,9.991061880162143138e-01,9.990968544711215094e-01,9.990875204494931161e-01,9.990781859525150743e-01,9.990688509834305675e-01,9.990595155263762850e-01,9.990501796061572737e-01,9.990408432118226267e-01,9.990315063288260911e-01,9.990221689836792374e-01,9.990128311534461902e-01,9.990034928562452343e-01,9.989941540775648665e-01,9.989848148280903173e-01,9.989754750959839447e-01,9.989661348916697436e-01,9.989567942129655709e-01,9.989474530526374352e-01,9.989381114271105311e-01,9.989287693184073502e-01,9.989194267312346831e-01,9.989100836746001022e-01,9.989007401364109473e-01,9.988913961276112419e-01,9.988820516431409224e-01,9.988727066773936958e-01,9.988633612338575496e-01,9.988540153214374717e-01,9.988446689285597202e-01,9.988353220637410379e-01,9.988259747180359138e-01,9.988166268999867370e-01,9.988072785987467395e-01,9.987979298285075691e-01,9.987885805771227199e-01,9.987792308468036451e-01,9.987698806489127001e-01,9.987605299749447996e-01,9.987511788141812952e-01,9.987418271829819894e-01,9.987324750773427517e-01,9.987231224915490424e-01,9.987137694364559559e-01,9.987044158945904693e-01,9.986950618781003097e-01,9.986857073940597074e-01,9.986763524245009238e-01,9.986669969779568001e-01,9.986576410559421246e-01,9.986482846627585674e-01,9.986389277872121939e-01,9.986295704338050694e-01,9.986202126030199189e-01,9.878695979260477822e-01
0.000000000000000000e+00,1.000000000000000000e+00,9.999812411473093521e-01,9.999624816610085398e-01,9.999437214662436624e-01,9.999249606185482975e-01,9.999061990911901621e-01,9.998874368815736657e-01,9.998686739961506476e-01,9.998499104412124083e-01,9.998311462111668657e-01,9.998123813021573270e-01,9.997936157220329578e-01,7.555831385609420581e-01,7.555489081556907571e-01,7.555146759257330702e-01,7.554804418694028856e-01,7.554462059936143392e-01,7.554119682921559553e-01,7.553777287667134965e-01,7.553434874198162730e-01,7.553092442461525335e-01,7.552749992496816667e-01,7.552407524269117989e-01,7.552065037815246518e-01,7.551722533079900934e-01,7.551380010170051227e-01,7.551037468920775986e-01,7.550694909471867833e-01,7.550352331748303447e-01,7.550009735758042018e-01,7.549667121533791825e-01,7.549324489028591545e-01,7.548981838286318302e-01,7.548639169288382522e-01,7.548296482000166341e-01,7.547953776442485330e-01,7.547611052637077655e-01,7.547268310554964277e-01,7.546925550217075118e-01,7.546582771587742045e-01,6.442895827031931422e-01,6.442926548600165226e-01,6.443450308863699627e-01,6.443768932115405690e-01,6.442733607689776765e-01,6.444614102443521064e-01,6.443416378162402092e-01,6.443782169614149513e-01,6.443970529440667949e-01,6.443388382098771405e-01,6.443246042049737277e-01,6.442956102078034597e-01,6.442793524111429804e-01,6.443441259245360486e-01,6.443517930000725036e-01,8.126980791923387182e-01,8.126566423074976786e-01,8.126369791408690757e-01,8.125846715707931711e-01,8.125148356672291516e-01,8.124603711387448080e-01,8.123608262418184900e-01,8.123420326468862029e-01,8.123378688659640412e-01,8.122942660935968950e-01,8.121345602645589912e-01,8.121473390154296812e-01,8.120917960462193941e-01,8.119924654181559509e-01,8.119507772038631055e-01,8.118827726905816222e-01,8.118720562713636069e-01,8.117808305431136739e-01,8.116874622512240123e-01,8.116716061943494154e-01,8.116744444826553551e-01,8.115540616915264405e-01,8.115623344509753645e-01,8.114688069374231816e-01,8.114114220943230427e-01,8.113672297595692084e-01,8.113382725014351982e-01,8.112473269710285262e-01,8.112033452878394391e-01,8.111573371064410010e-01,8.110850965498903609e-01,8.110373733990960954e-01,8.109587300221728912e-01,8.108738386670868437e-01,8.109105547558191907e-01,8.108485968414204104e-01,8.107459762188582442e-01,8.107226538624404677e-01,8.106278589122264400e-01,8.105544938997952809e-01,8.105702992136479823e-01,8.104902822846019594e-01,8.104120722174913416e-01,8.103564079470644277e-01,8.103390963442334005e-01,8.102240511441664017e-01,8.102578418460864018e-01,8.101280451746732947e-01,8.100862788952273297e-01,8.100462710105921227e-01,8.099689798129490192e-01,8.099287280202376316e-01,8.098768183942601784e-01,8.097847837240356172e-01,8.097400472551663508e-01,8.097050170117465751e-01,8.096741073435286262e-01,8.096294668702037622e-01,8.095338925078913173e-01,8.094382839111586847e-01,8.094194558221844416e-01,8.093988449571454247e-01,8.093571782127979564e-01,8.093002587686410898e-01,8.092055656832076727e-01,8.091662154023456788e-01,8.090832286188134326e-01,8.090519027928015916e-01,8.090155465047557115e-01,8.089564658072462278e-01,8.088600810197927871e-01,8.088061627048871438e-01,8.087495580445017707e-01,8.086998436739405438e-01,8.086602389420016745e-01,8.086133486508934043e-01,8.085078607780977755e-01,8.085077896149592824e-01,8.084274201513682589e-01,8.084216951173374133e-01,8.083625450534692725e-01,8.082750059085684891e-01,8.081723127174011978e-01,8.081533218389382878e-01,8.081242058696257446e-01,8.080201882440962713e-01,8.079797881860132369e-01,8.079411284932297432e-01,8.078822427570506726e-01,8.078459566231639410e-01,8.077776246292390772e-01,8.077122202544192442e-01,8.076637315726639121e-01,8.076101242707265371e-01,7.930906837629732031e-01
0.000000000000000000e+00,9.997715640962628880e-01,9.997750238864548944e-01,9.997784834564988898e-01,9.997819432432069053e-01,9.997854029294097611e-01,9.997888626993174377e-01,9.997923225857812124e-01,9.997957824655323567e-01,9.997992424071705519e-01,9.998027023826299153e-01,9.998061624037941630e-01,9.998096225102890422e-01,9.998130826113118541e-01,9.998165427896592572e-01,9.998200030204534849e-01,9.998234632833458146e-01,9.998269235987725656e-01,9.998303839616360378e-01,9.998338443648965290e-01,9.998373048298795362e-01,9.998407653350768198e-01,9.998442258905801960e-01,9.998476864912122508e-01,9.998511471437342424e-01,9.998546078347352317e-01,9.998580685891774733e-01,9.998615293724179010e-01,9.998649902173376569e-01,9.998684510962636551e-01,9.998719120272462346e-01,9.998753730161789033e-01,9.998788340392871232e-01,9.998822951281673976e-01,9.998857562414625866e-01,9.998892174119611287e-01,9.998926786300565972e-01,9.998961398958673419e-01,9.998996012145555667e-01,9.999030625792718618e-01,9.999065239870585931e-01,9.999099854451668490e-01,9.999134469514338042e-01,9.999169084977117539e-01,9.999203700933820826e-01,9.999238317479536287e-01,9.999272934372956945e-01,9.999307551793001902e-01,9.999342169719014350e-01,9.999376788152000151e-01,9.999411406901013155e-01,9.999446026256414433e-01,9.999480646028940933e-01,9.999515266287040127e-01,9.999549887062558762e-01,9.999584508256502691e-01,9.999619130033604586e-01,9.999653752193350398e-01,9.999688374822623960e-01,9.999722997932389834e-01,9.999757621489482329e-01,9.999792245609140373e-01,9.999826870155953396e-01,9.999861495136469491e-01,9.999896120645663800e-01,9.999930746648530988e-01,9.999965373070464070e-01,1.000000000000000000e+00,7.757488897528059812e-01,7.757677012886323720e-01,7.758415119698771623e-01,7.758563066544535980e-01,7.758755465973491416e-01,7.759126014893931167e-01,7.758978786671325567e-01,7.759693531607724237e-01,7.760397997340261478e-01,7.760265257347062073e-01,7.760470924916125224e-01,7.760321079545186018e-01,7.761333356840600661e-01,7.761542245072625690e-01,7.761443226809221496e-01,7.761968357304951383e-01,7.762640358185235456e-01,7.762704674982580100e-01,7.534667458232550130e-01,7.534985699985289331e-01,7.535303931100001407e-01,7.535622151489256293e-01,7.535940361211596050e-01,7.536258560231133830e-01,7.536576748534136172e-01,7.536894926126688210e-01,7.537213093079195847e-01,7.537531249300626346e-01,7.537849394801574565e-01,7.538167529695740665e-01,7.538485653822576404e-01,7.538803767281789803e-01,7.539121870029503736e-01,7.539439962103972048e-01,7.539758043487544414e-01,7.540076114195879420e-01,7.540394174130475857e-01,7.540712223445033002e-01,7.541030262124228667e-01,7.541348290008890176e-01,7.541666307260099789e-01,7.541984313842821086e-01,7.542302309704360663e-01,7.542620294900213018e-01,7.542938269348055114e-01,7.543256233192812132e-01,7.543574186298719342e-01,7.543892128725582236e-01,7.544210060510609939e-01,7.544527981552877627e-01,7.544845891947791205e-01,7.545163791670251863e-01,7.545481680687700088e-01,7.545799559044379379e-01,7.546117426685136076e-01,7.546435283677954686e-01,7.546753129982479713e-01,7.547070965623593475e-01,7.547388790541015302e-01,7.547706604826399657e-01,7.548024408408333663e-01,7.548342201307890464e-01,7.548659983545504826e-01,7.548977755103221110e-01,7.549295515980536386e-01,7.549613266196417705e-01,7.549931005726037148e-01,7.550248734581902488e-01,7.550566452767921710e-01,7.550884160250203037e-01,7.551201857107426862e-01,7.551519543279132662e-01,7.551837218752586178e-01,7.552154883593621415e-01,7.552472537729804092e-01,7.552790181201615161e-01,7.553107814019476285e-01,7.553425436135765558e-01,7.553743047640286701e-01,7.554060648416832668e-01,7.554378238566834547e-01,7.554695818022911791e-01,8.616433969290172579e-01
0.000000000000000000e+00,1.000000000000000000e+00,9.999892688897790149e-01,9.999785374662247817e-01,9.999678057168038814e-01,9.999570736558852646e-01,9.999463412755323910e-01,9.999356085814830042e-01,9.999248755707472736e-01,9.999141422455916084e-01,9.999034086125558884e-01,9.998926746601564108e-01,9.998819403939083195e-01,9.998712058113028434e-01,9.998604709172856930e-01,9.998497357060961432e-01,9.998390001804275951e-01,9.998282643405952408e-01,3.415758690920116525e-01,3.414452947808576666e-01,3.417612430998629436e-01,3.415925143384821450e-01,3.413683560361759906e-01,3.413504224359004136e-01,3.412393678884753645e-01,3.413679988911068608e-01,3.414268955587725363e-01,3.415594406519147364e-01,3.412632571864401276e-01,3.414621855212667811e-01,3.414262288920422161e-01,3.414375258502291288e-01,3.414678761959267228e-01,3.414939066191477468e-01,3.413662526412723497e-01,3.412639299992226705e-01,3.413474684926560143e-01,3.414049857022704026e-01,3.413032677358752154e-01,3.414670548774663139e-01,3.413647881736028289e-01,3.413723069973620405e-01,3.413605402272696376e-01,3.414658332339742808e-01,3.413492505645773778e-01,3.413491799786427805e-01,3.414270372758514971e-01,3.413286607118375393e-01,3.413239126315876781e-01,3.413031443698953948e-01,3.412520252836624413e-01,3.412302725056534647e-01,3.413478417682437316e-01,3.412807048057536208e-01,3.413088446432513412e-01,3.412817049858796747e-01,3.412931877177003970e-01,3.412384727617736591e-01,3.412474884889580284e-01,3.413040070219991451e-01,3.411993820165901137e-01,3.413239784162528934e-01,3.412197734674941585e-01,3.412679574763123336e-01,3.411653186209351318e-01,3.411319836398899463e-01,3.412087975821479491e-01,3.412060757137606593e-01,3.411700111883730346e-01,3.411123566796703810e-01,3.412328388466134843e-01,3.412253328784419226e-01,3.411354717206109832e-01,3.411572831104293657e-01,3.410885564410128801e-01,3.412053718094120169e-01,3.411068397402621799e-01,3.410951859206884373e-01,3.411480917274107294e-01,3.411618867601494687e-01,3.411469215814238454e-01,3.411042571529921963e-01,3.410970271931328401e-01,3.410540182156733269e-01,3.411154441526420555e-01,3.410713093539970431e-01,3.410864848505142377e-01,3.411174084295798825e-01,3.410719702088264582e-01,3.411005294076616678e-01,3.410379956791056988e-01,3.411126884213153132e-01,3.410895536255202365e-01,3.423954759472408460e-01,3.424427385105522359e-01,3.423477883461467641e-01,3.423696965054702224e-01,3.424206189942835543e-01,3.424396484864503654e-01,3.423901179719098242e-01,3.423407455860841830e-01,3.423575476114728011e-01,3.424167884190466027e-01,3.423446080843565165e-01,3.423585049453019002e-01,3.423713501561164718e-01,3.423412341158433847e-01,3.423383903062633959e-01,3.423076028295559681e-01,3.423174099385186131e-01,3.423262875020517959e-01,3.423342606425117673e-01,3.422619536669851414e-01,3.422885673043707944e-01,3.422554798328343861e-01,3.422802503342304292e-01,3.422847139425889695e-01,3.422693907905402511e-01,3.422536258814092291e-01,3.422374302953958836e-01,3.422208147387743038e-01,3.422346228359881559e-01,3.422351759190748743e-01,3.422169671124831725e-01,3.421804478170264452e-01,4.438497359733953873e-01,4.438346027690184270e-01,4.437584686536026890e-01,4.437053430561565537e-01,4.436942206283363554e-01,4.436334022854701575e-01,4.435679508168342000e-01,4.435352524595893020e-01,4.434788257579476145e-01,4.434492315760751313e-01,4.434023138164811528e-01,4.433434159754105486e-01,4.432878248680504618e-01,4.432550881218594307e-01,4.431952489402795070e-01,4.431798267740800212e-01,4.431153254964404486e-01,4.430432182942366515e-01,4.430161636548800574e-01,4.429660046420428321e-01,4.429037241500701771e-01,4.428586375104076600e-01,4.428344180788267859e-01,4.427791121352463444e-01,4.427292865487963969e-01,4.308715060069499003e-01
0.000000000000000000e+00,1.000000000000000000e+00,9.999942287954775022e-01,9.999884575676596388e-01,9.999826863275114164e-01,9.999769150577237919e-01,9.999711437607868847e-01,9.999653724311236003e-01,9.999596010862460416e-01,9.999538297137999798e-01,9.999480583148292467e-01,9.895754892082900822e-01,9.895667392310768529e-01,9.895579890814277801e-01,9.895492387565111292e-01,9.895404882468904484e-01,9.895317375682990413e-01,9.895229867132114832e-01,9.895142356795629812e-01,9.895054844730684085e-01,9.894967330855828358e-01,9.894879815280051005e-01,9.894792297901264799e-01,9.894704778793425026e-01,9.894617257927833531e-01,9.894529735285589878e-01,9.894442210875133981e-01,9.894354684719378623e-01,9.894267156787158735e-01,9.894179627123611542e-01,9.894092095695348199e-01,9.894004562517280110e-01,9.893917027562298960e-01,9.893829490840125862e-01,9.893741952355528113e-01,9.893654412119513575e-01,9.893566870128347457e-01,9.893479326364253978e-01,9.893391780855446127e-01,9.893304233578820162e-01,9.893216684543302275e-01,9.893129133742398773e-01,9.893041581191667211e-01,9.892954026861149330e-01,9.892866470790033784e-01,9.892778912950617176e-01,9.892691353336536819e-01,9.892603791990464135e-01,9.892516228869424610e-01,9.892428663993171334e-01,9.892341097339332201e-01,9.892253528945565977e-01,9.892165958773015966e-01,9.892078386850465810e-01,9.891990813158652029e-01,9.891903237718363551e-01,9.891815660509777342e-01,9.891728081540138717e-01,9.891640500801568425e-01,9.891552918307779940e-01,9.891465334051332547e-01,9.891377748041298990e-01,9.891290160263335185e-01,9.891202570714097142e-01,9.891114979418137443e-01,9.891027386358085538e-01,9.890939791540278581e-01,9.890852194944524944e-01,9.890764596595531533e-01,9.890676996491870598e-01,9.890589394615638685e-01,9.890501790989888464e-01,9.890414185586658968e-01,9.890326578422673487e-01,9.890238969513097667e-01,9.890151358827475869e-01,9.890063746384452070e-01,9.889976132173640133e-01,9.889888516204377034e-01,9.889800898466306611e-01,9.889713278979694877e-01,9.889625657724864238e-01,9.889538034699159041e-01,9.889450409916753504e-01,9.889362783373090160e-01,9.889275155059700229e-01,9.889187524988314326e-01,9.889099893155579579e-01,9.889012259564240459e-01,9.888924624196135937e-01,9.888836987076369267e-01,9.888749348187230170e-01,9.888661707538616286e-01,9.888574065128780122e-01,9.888486420950416411e-01,9.888398775011024711e-01,9.888311127306009807e-01,9.888223477843189890e-01,9.888135826612649559e-01,9.888048173618138037e-01,9.887960518857853431e-01,9.887872862339678326e-01,9.887785204055326016e-01,9.887697544008484662e-01,9.887609882189646315e-01,9.887522218617614822e-01,9.887434553274231375e-01,9.887346886168230098e-01,9.887259217299729785e-01,9.887171546671766897e-01,9.887083874267351691e-01,9.886996200114321898e-01,9.886908524187023595e-01,9.886820846493931114e-01,9.886733167038278536e-01,9.886645485818097434e-01,9.886557802833670916e-01,9.886470118088889203e-01,9.886382431571916207e-01,9.886294743295785947e-01,9.886207053254754129e-01,9.886119361448306719e-01,9.886031667874322082e-01,9.885943972539076308e-01,9.885856275435815910e-01,9.885768576565318044e-01,9.885680875936057044e-01,9.885593173538490541e-01,9.885505469375419629e-01,9.885417763446534556e-01,9.885330055751078149e-01,9.885242346293182658e-01,9.885154635070034779e-01,9.885066922082661467e-01,9.884979207326626272e-01,9.884891490805071124e-01,9.884803772517672948e-01,9.884716052468358605e-01,9.884628330645353067e-01,9.884540607061108597e-01,9.884452881713792216e-01,9.884365154599554781e-01,9.884277425713610121e-01,9.884189695070594306e-01,9.884101962652481754e-01,9.884014228473383401e-01,9.883926492523770202e-01,9.883838754813385474e-01,9.883751015336883494e-01,9.883663274087004513e-01,9.831115676547058646e-01
0.000000000000000000e+00,7.766471463337473180e-01,8.090856487431611344e-01,8.090654973847903886e-01,8.090453451573115240e-01,8.090251920515147965e-01,8.090050380838599287e-01,8.089848832465442730e-01,8.089647275398964554e-01,8.089445709578777510e-01,8.089244135129712854e-01,8.089042551932431602e-01,8.088840960047618545e-01,8.088639359470728429e-01,8.088437750219977795e-01,8.088236132211155116e-01,8.088034505583179268e-01,8.087832870196797197e-01,8.087631226127239836e-01,8.087429573371562874e-01,8.087227911909883327e-01,8.087026241744061927e-01,8.086824562866541388e-01,8.086622875308978609e-01,8.086421179028264739e-01,8.086219474035482024e-01,8.086017760374758501e-01,8.085816037983566407e-01,8.085614306892811021e-01,8.085412567096610381e-01,8.085210818598183025e-01,8.085009061364809568e-01,8.084807295467387744e-01,8.084605520837582215e-01,8.084403737511424159e-01,8.084201945462784478e-01,8.084000144734457827e-01,8.083798335271464852e-01,8.083596517092830336e-01,8.083394690218630441e-01,8.083192854630361079e-01,8.082991010323753445e-01,8.082789157321887963e-01,8.082587295595421439e-01,8.082385425145230951e-01,8.082183545996823870e-01,8.081981658125869661e-01,8.081779761541978413e-01,8.081577856255145464e-01,8.081375942234823029e-01,8.081174019506037753e-01,8.080972088072860826e-01,8.080770147901448208e-01,8.080568199024091847e-01,8.080366241418628359e-01,8.080164275110073291e-01,8.079962300070517855e-01,8.079760316314057444e-01,8.079558323832910505e-01,8.079356322644810628e-01,8.079154312720410180e-01,1.000000000000000000e+00,9.999864024625266801e-01,9.999728043374427333e-01,4.738319744687774504e-01,4.738110956768374349e-01,4.737902158701098876e-01,4.737693350458254682e-01,4.737484532058824360e-01,4.737275703492371814e-01,4.737066864738795346e-01,4.736858015841832192e-01,4.736649156771749469e-01,4.736440287540971683e-01,4.736231408132480225e-01,4.736022518557644334e-01,4.735813618824416538e-01,4.735604708889433745e-01,4.735395788799205419e-01,4.735186858533200760e-01,4.734977918103161487e-01,4.734768967508870552e-01,4.734560006720657799e-01,4.734351035750528069e-01,4.734142054627520357e-01,4.733933063319268331e-01,4.733724061827218055e-01,4.733515050168048410e-01,4.733306028324898440e-01,4.733096996312952109e-01,4.732887954113261797e-01,4.732678901718335718e-01,4.732469839160604597e-01,4.732260766419152942e-01,4.732051683474504111e-01,4.731842590376678648e-01,4.731633487075210809e-01,4.731424373605809253e-01,4.731215249938803824e-01,4.731006116081927226e-01,4.730796972052567217e-01,4.730587817813084461e-01,4.730378653405635236e-01,4.730169478793900262e-01,4.729960294005448040e-01,4.729751099020155225e-01,4.729541893841863742e-01,4.729332678485720365e-01,4.729123452912770698e-01,4.728914217170002710e-01,4.728704971222399966e-01,4.728495715091192153e-01,4.728286448747327508e-01,4.728077172211298529e-01,4.727867885491088273e-01,4.727658588568474651e-01,4.727449281443297235e-01,4.727239964125542482e-01,4.727030636597865931e-01,4.726821298879199107e-01,4.726611950961576714e-01,4.726402592835308170e-01,4.726193224510404356e-01,4.725983845977158038e-01,4.725774457246413873e-01,4.725565058317094391e-01,4.725355649169365457e-01,4.725146229822420607e-01,4.724936800274295856e-01,4.724727360508851337e-01,4.724517910550498634e-01,4.724308450364865242e-01,4.724098979981360413e-01,4.723889499391262792e-01,4.723680008583958090e-01,4.723470507561827181e-01,4.723260996333555339e-01,4.723051474897511648e-01,4.722841943243131224e-01,4.722632401372033883e-01,4.722422849288194224e-01,4.722213286985743053e-01,4.722003714470532909e-01,4.721794131747381607e-01,4.721584538786667840e-01,4.721374935619663815e-01,4.721165322235902906e-01,4.720955698629644703e-01,4.720746064802756048e-01,4.720536420760383378e-01,6.143419068715981757e-01
