0.000000000000000000e+00,5.535985569438499621e-01,1.000000000000000000e+00,5.526055900460744574e-01,5.526052138890394927e-01,5.526048370446833280e-01,5.526044606786114644e-01,5.526040838605448258e-01,5.526037074414617001e-01,5.526033308666089550e-01,5.526029542016236418e-01,5.526025775930828443e-01,5.526022009741791141e-01,5.526018244073037655e-01,5.526014477943358427e-01,5.526010713368767480e-01,5.526006945716419594e-01,5.526003179931286979e-01,5.525999414338981230e-01,5.525995648236098345e-01,5.525991882373497699e-01,5.525988116125517546e-01,5.525984350321134775e-01,5.525980583289438197e-01,5.525976818810545144e-01,5.525973051755257437e-01,5.525969285749003923e-01,5.525965519723814445e-01,5.525961753718175995e-01,5.525957987492694512e-01,5.525954220996438515e-01,5.525950454796199063e-01,5.525946688691947273e-01,5.525942922887021602e-01,5.525939156529167118e-01,5.525935390387901602e-01,5.525931624726977409e-01,5.525927857973542690e-01,5.525924092362316520e-01,5.525920325622690754e-01,5.525916559501720116e-01,5.525912793735480166e-01,5.525909027399940054e-01,5.525905261141400571e-01,5.525901494746047193e-01,5.525897728758982774e-01,5.525893962291792416e-01,5.525890196620351080e-01,5.525886430175783737e-01,5.525882663851030552e-01,5.525878897584152183e-01,5.525875131181331446e-01,5.525871365181533879e-01,5.525867598811053938e-01,5.525863832450200741e-01,5.525860066185815933e-01,5.525856300253180198e-01,5.525852533736346217e-01,5.525848767040535403e-01,5.525845001020890379e-01,5.525841234735573426e-01,5.525837468625383053e-01,5.525833701895487282e-01,5.525829935687254224e-01,5.525826169281258249e-01,5.525822402915919751e-01,5.525818636710694287e-01,5.525814870514653698e-01,5.525811103903849331e-01,5.525807337689632170e-01,5.525803571183126595e-01,5.525799804850649588e-01,5.525796038298103063e-01,5.525792271807037359e-01,5.525788505262214656e-01,5.525784739122792111e-01,5.525780972778131517e-01,5.525777206224509186e-01,5.525773439766782369e-01,5.525769673452892716e-01,5.525765906922641690e-01,5.525762140551800927e-01,5.525758374127848205e-01,5.525754607811981245e-01,5.525750841077932130e-01,5.525747074462367125e-01,5.525743308088253425e-01,5.525739541371996744e-01,5.525735775011051398e-01,5.525732008702575193e-01,5.525728242007047486e-01,5.525724475673434721e-01,5.525720709148335130e-01,5.525716942460870973e-01,5.525713175806956645e-01,5.525709409367906000e-01,5.525705642967194686e-01,5.525701876521741385e-01,5.525698109712591233e-01,5.525694343385987306e-01,5.525690576676132171e-01,5.525686810115139069e-01,5.525683043376192760e-01,5.525679276766282122e-01,5.525675510159356874e-01,5.525671743565652161e-01,5.525667977032827638e-01,5.525664210310211599e-01,5.525660443646552844e-01,5.525656676918145882e-01,5.525652910443278332e-01,5.525649143848534450e-01,5.525645377123136193e-01,5.525641610514595570e-01,5.525637843703107288e-01,5.525634077128526167e-01,5.525630310376989929e-01,5.525626543822385051e-01,5.525622777040148925e-01,5.525619010361005889e-01,5.525615243574887314e-01,5.525611476863094840e-01,5.525607710138200623e-01,5.525603943420080988e-01,5.525600176548697284e-01,5.525596409929859343e-01,5.525592643189251030e-01,5.525588876475673317e-01,5.525585109628979863e-01,5.525581342926689787e-01,5.525577576165642268e-01,5.525573809356246757e-01,5.525570042543648253e-01,5.525566275783317938e-01,5.525562508971773035e-01,5.525558742041856153e-01,5.525554975317078510e-01,5.525551208603379783e-01,5.525547441702433060e-01,5.525543674855796228e-01,5.525539908044523330e-01,5.525536141118619904e-01,5.525532374194606078e-01,5.525528607353855648e-01,5.525524840551520045e-01,5.525521073713607345e-01,5.525517306809167861e-01,5.525513539918996964e-01,5.525509772973578038e-01,5.525506006172017370e-01,5.518838584511388534e-01
0.000000000000000000e+00,1.000000000000000000e+00,9.999985747768814770e-01,9.999971496325670284e-01,9.999957244449234617e-01,9.999942992718013901e-01,9.999928740852193076e-01,9.999914488985540695e-01,9.999900237122889557e-01,9.999885985164284063e-01,9.999871733174076072e-01,9.999857481196531284e-01,9.999843229105399578e-01,9.999828976980358330e-01,9.999814724813214095e-01,9.999800472678049834e-01,9.999786220431489125e-01,9.999771968152266766e-01,9.999757715828579974e-01,9.999743463471439942e-01,9.999729211076655577e-01,9.999714958630051553e-01,9.999700706128594740e-01,9.999686453605542980e-01,9.999672201030452845e-01,9.999657948405757946e-01,9.999643695755637829e-01,9.999629443041893051e-01,9.999615190319084412e-01,9.999600937521891941e-01,9.999586684703737349e-01,9.999572431822707497e-01,9.999558178913050543e-01,9.999543925953758849e-01,9.999529672957372384e-01,9.999515419918426629e-01,9.999501166839622757e-01,9.999486913696893353e-01,9.999472660524857393e-01,9.999458407312886710e-01,9.999444154062862022e-01,9.999429900748726396e-01,9.999415647430530685e-01,9.999401394043496705e-01,9.999387140617839176e-01,9.999372887144514221e-01,9.999358633631699744e-01,9.999344380072505700e-01,9.999330126489037740e-01,9.999315872845273567e-01,9.999301619172914490e-01,9.999287365440903130e-01,9.999273111667943414e-01,9.999258857858580596e-01,9.999244604006549686e-01,9.999230350108719856e-01,9.999216096177356849e-01,9.999201842200841073e-01,9.999187588171755126e-01,9.999173334109523470e-01,9.999159079998446442e-01,9.999144825840062811e-01,9.999130571657189881e-01,9.999116317415760458e-01,9.999102063142853991e-01,9.999087808817034295e-01,9.999073554449384726e-01,9.903078303458590081e-01,9.903058781177486170e-01,9.903039258792980526e-01,9.903019736294281783e-01,9.903000213701378396e-01,9.902980690988805179e-01,9.902961168187600638e-01,9.902941645263534376e-01,9.902922122244850467e-01,9.902902599118654781e-01,9.902883075892054965e-01,9.902863552542938708e-01,9.902844029107593649e-01,9.902824505560131607e-01,9.902804981898158942e-01,9.902785458145428876e-01,9.902765934288383365e-01,9.902746410310858671e-01,9.902726886240855730e-01,9.902707362050724438e-01,9.902687837767616408e-01,9.902668313379321408e-01,9.902648788879433450e-01,9.902629264273643539e-01,9.902609739562765467e-01,9.902590214761677334e-01,9.902570689832155271e-01,9.902551164814736850e-01,9.902531639685575593e-01,9.902512114440271684e-01,9.902492589098503828e-01,9.902473063654314567e-01,9.902453538102260477e-01,9.902434012450340717e-01,9.902414486685759965e-01,9.902394960823439618e-01,9.902375434844562507e-01,9.902355908766243830e-01,9.902336382582748175e-01,9.902316856293399416e-01,9.902297329897480349e-01,9.902277803392683930e-01,9.902258276790630864e-01,9.902238750076892693e-01,9.902219223260039227e-01,9.902199696336030366e-01,9.902180169307963631e-01,9.902160642176067729e-01,9.902141114934245314e-01,9.902121587594565622e-01,9.902102060151311003e-01,9.902082532590943398e-01,9.902063004924902545e-01,9.902043477165406449e-01,9.902023949290867932e-01,9.902004421314808402e-01,9.901984893233306551e-01,9.901965365045768408e-01,9.901945836750909447e-01,9.901926308350487149e-01,9.901906779849518614e-01,9.901887251234768872e-01,9.901867722523807203e-01,9.901848193701524581e-01,9.901828664774482425e-01,9.901809135749655155e-01,9.901789606600505111e-01,9.901770077366427447e-01,9.901750548017249631e-01,9.901731018565600451e-01,9.901711488999357380e-01,9.901691959340399585e-01,9.901672429570959055e-01,9.901652899694567411e-01,9.901633369711619892e-01,9.901613839625666991e-01,9.901594309436341224e-01,9.901574779140823734e-01,9.901555248735458559e-01,9.901535718225629168e-01,9.901516187613005338e-01,9.901496656899000381e-01,9.901477126069480050e-01,9.879056556164628189e-01
0.000000000000000000e+00,1.000000000000000000e+00,9.999989031936499240e-01,9.999978063466183897e-01,9.999967095166852893e-01,9.999956126657471023e-01,9.999945158328280570e-01,9.999934189963599618e-01,9.999923221530711004e-01,9.999912253129050743e-01,9.999901284747351182e-01,9.999890316312743943e-01,9.999879347886571068e-01,9.999868379469368795e-01,9.999857411036453536e-01,9.999846442613404829e-01,9.999835474150126080e-01,9.999824505721520707e-01,9.999813537270482167e-01,9.999802568797017122e-01,9.999791600335846686e-01,9.999780631855194057e-01,9.999769663388897722e-01,9.999758694895037880e-01,9.999747726411538640e-01,9.999736757924292396e-01,9.999725789427323930e-01,9.999714820928434778e-01,9.999703852407201277e-01,9.999692883897062234e-01,9.999681915372782282e-01,9.999670946849699149e-01,9.999659978317032571e-01,9.999649009787501264e-01,9.999638041242502329e-01,9.999627072700164598e-01,9.999616104141672013e-01,9.999605135589025862e-01,9.999594167016343516e-01,9.999583198449425447e-01,9.999572229870092865e-01,9.999561261289405811e-01,9.999550292694532327e-01,9.999539324100770177e-01,9.999528355501448029e-01,9.999517386907431638e-01,9.999506418293865329e-01,9.999495449680179116e-01,9.999484481053187990e-01,9.999473512429544186e-01,9.999462543802140058e-01,9.999451575169787665e-01,9.999440606520593189e-01,9.999429637870554943e-01,9.999418669218592681e-01,9.999407700558028411e-01,9.999396731890248802e-01,9.999385763229863278e-01,9.999374794539759304e-01,9.999363825867381150e-01,9.999352857173195996e-01,9.999341888491274366e-01,9.999330919787418059e-01,9.999319951086779179e-01,9.999308982376547972e-01,9.999298013657652584e-01,9.999287044942539726e-01,9.999276076213789999e-01,9.999265107482864234e-01,9.999254138742539322e-01,9.999243170001227421e-01,9.999232201252126195e-01,9.999221232496201539e-01,9.999210263739520821e-01,9.999199294978395880e-01,9.999188326202633759e-01,9.999177357424513524e-01,9.999166388644298298e-01,9.999155419860464855e-01,9.999144451065349326e-01,9.999133482265761819e-01,9.999122513464687723e-01,9.999111544652513617e-01,9.999100575835735416e-01,9.999089607017928039e-01,9.999078638186583712e-01,9.999067669359852362e-01,9.999056700521382623e-01,9.999045731675414439e-01,9.999034762830757428e-01,9.999023793976312691e-01,9.999012825116978531e-01,9.999001856251512610e-01,9.998990887381274950e-01,9.998979918505107589e-01,9.998968949621460656e-01,9.998957980729608064e-01,9.998947011838921206e-01,9.998936042941642954e-01,9.998925074037612326e-01,9.998914105128081653e-01,9.998903136211982901e-01,9.998892167292320332e-01,9.998881198366400547e-01,9.998870229433686196e-01,9.998859260496283374e-01,9.998848291553990020e-01,9.998837322604040567e-01,9.998826353652997545e-01,9.998815384692621988e-01,9.998804415725489614e-01,9.998793446754974390e-01,9.998782477779589728e-01,9.998771508796260310e-01,9.998760539809942172e-01,9.998749570815361754e-01,9.998738601817082072e-01,9.998727632815094246e-01,9.998716663804206872e-01,9.998705694788506682e-01,9.998694725768965119e-01,9.998683756739120687e-01,9.998672787708854370e-01,9.998661818670988577e-01,9.998650849625960735e-01,9.998639880577726569e-01,9.998628911525059282e-01,9.998617942466078157e-01,9.998606973399073450e-01,9.998596004331686826e-01,9.998585035252914865e-01,9.998574066169498842e-01,9.998563097084003370e-01,9.998552127987408999e-01,9.998541158891783853e-01,9.998530189786152267e-01,9.998519220679098485e-01,9.998508251561122329e-01,9.998497282441034528e-01,9.998486313314011165e-01,9.998475344183322955e-01,9.998464375042385166e-01,9.998453405900826763e-01,9.998442436754338969e-01,9.998431467600145117e-01,9.998420498440544479e-01,9.998409529273408758e-01,9.998398560102680355e-01,9.998387590924785462e-01,9.998376621743989556e-01,9.932527065584827453e-01
0.000000000000000000e+00,6.690646686336954030e-01,9.954302578791746070e-01,1.000000000000000000e+00,9.954290635485577576e-01,9.954284662997446853e-01,9.999982512478321484e-01,9.954272720764225646e-01,9.999970853902303558e-01,9.954260777884169631e-01,9.999959195763199471e-01,9.954248834848291594e-01,9.954242863290062582e-01,9.954236891832831668e-01,9.954230919964529578e-01,9.954224948656998917e-01,9.954218976688320453e-01,9.954213005203303988e-01,9.954207033635931179e-01,9.954201061976271081e-01,9.954195090483781705e-01,9.954189118664423797e-01,9.954183147012128918e-01,9.954177175310070513e-01,9.954171203548823899e-01,9.954165231738594244e-01,9.954159259948057725e-01,9.954153288195835003e-01,9.954147316439082571e-01,9.954141344798199675e-01,9.954135372851745656e-01,9.954129401071153405e-01,9.954123429181201965e-01,9.954117457345214026e-01,9.954111485454135710e-01,9.954105513516515735e-01,9.954099541592772438e-01,9.954093569690825039e-01,9.954087597777010465e-01,9.954081625835157210e-01,9.954075653942842106e-01,9.954069681943010783e-01,9.954063709929851234e-01,9.954057737958361685e-01,9.954051765954428088e-01,9.954045793958331556e-01,9.954039821898336138e-01,9.954033849856790406e-01,9.954027877807372082e-01,9.954021905721875951e-01,9.954015933525909299e-01,9.954009961453065269e-01,9.954003989304959221e-01,9.953998017190706094e-01,9.953992045088096985e-01,9.953986072880239844e-01,9.953980100730251968e-01,9.953974128463165538e-01,9.953968156265684541e-01,9.953962184037410399e-01,9.953956211841029633e-01,9.953950239546395240e-01,9.953944267281653602e-01,9.953938294976120149e-01,9.953932322768916929e-01,9.953926350395592149e-01,9.953920378057610208e-01,9.953914405683709221e-01,9.953908433407878675e-01,9.953902460982058109e-01,9.953896488617605121e-01,9.953890516231030938e-01,9.953884543813220631e-01,9.953878571406042930e-01,9.953872598940953775e-01,9.953866626449763277e-01,9.953860653978555684e-01,9.953854681565917906e-01,9.953848709044106347e-01,9.953842736494021848e-01,9.953836763953248790e-01,9.953830791437837666e-01,9.953824818854936085e-01,9.953818846282125321e-01,9.953812873765028879e-01,9.953806901110644478e-01,9.953800928505497359e-01,9.953794955858403792e-01,9.953788983217497499e-01,9.953783010552667010e-01,9.953777037884272705e-01,9.953771065174119581e-01,9.953765092529577307e-01,9.953759119797439547e-01,9.953753147063207907e-01,9.953747174305288548e-01,9.953741201562255059e-01,9.953735228775104638e-01,9.953729255956633715e-01,9.953723283187660975e-01,9.953717310398024765e-01,9.953711337580788410e-01,9.953705364735705441e-01,9.953699391855581613e-01,9.953693418993355690e-01,9.953687446098619107e-01,9.953681473192242946e-01,9.953675500271869092e-01,9.953669527330986089e-01,9.953663554386962264e-01,9.953657581420352063e-01,9.953651608460726274e-01,9.953645635479345666e-01,9.953639662458462212e-01,9.953633689426372166e-01,9.953627716427014827e-01,9.953621743409498679e-01,9.953615770298587240e-01,9.953609797272152671e-01,9.953603824134433786e-01,9.953597851076959602e-01,9.953591877940363153e-01,9.953585904824572284e-01,9.953579931669149783e-01,9.953573958492046847e-01,9.953567985327604895e-01,6.505723503277559550e-01,6.505663600319947504e-01,6.505603696800812408e-01,6.505543792880229548e-01,6.505483888483134525e-01,6.505423983635579832e-01,6.505364078113636817e-01,6.505304172368637783e-01,6.505244266109736495e-01,6.505184359254695403e-01,6.505124451982836620e-01,6.505064544180199082e-01,6.505004635947679859e-01,6.504944727202026655e-01,6.504884818074391228e-01,6.504824908349086110e-01,6.504764998097207762e-01,6.504705087556079679e-01,6.504645176467988010e-01,6.504585264848020687e-01,6.504525352775210045e-01,6.504465440227988893e-01,6.504405527276132526e-01,6.504345613706916662e-01,9.315215129606793099e-01
0.000000000000000000e+00,9.952068584538859009e-01,9.973635701020555633e-01,9.952080507425934419e-01,1.000000000000000000e+00,9.973653926570562600e-01,9.973660002262972890e-01,9.973666076573113326e-01,9.973672153167920662e-01,9.973678228320959072e-01,9.973684304103132003e-01,9.973690379705761888e-01,9.973696455433512797e-01,9.973702530318523385e-01,9.973708606304917401e-01,9.973714681700683871e-01,9.973720757255379876e-01,9.973726833355248678e-01,9.973732909001961078e-01,9.973738984678257591e-01,9.973745060418935937e-01,9.973751136431134867e-01,9.973757212179762410e-01,9.973763288026047391e-01,9.973769364182137886e-01,9.973775439973333601e-01,9.973781515885267179e-01,9.973787591833163102e-01,9.973793667893671167e-01,9.973799743814990570e-01,9.973805819747995072e-01,9.973811896259394683e-01,9.973817972116951758e-01,9.973824048441505274e-01,9.973830124310447687e-01,9.973836200670086471e-01,9.973842276968504228e-01,9.973848353436235437e-01,9.973854429416083578e-01,9.973860505589295933e-01,9.973866582066822639e-01,9.973872658316965678e-01,9.973878734797103629e-01,9.973884811268649564e-01,9.973890887633657387e-01,9.973896964031859769e-01,9.973903040589202629e-01,9.973909117113616274e-01,9.973915193634129706e-01,9.973921270007589657e-01,9.973927346638903346e-01,9.973933423212204552e-01,9.973939499954803667e-01,9.973945576695668613e-01,9.973951653234920389e-01,9.973957730020341916e-01,9.973963806736712012e-01,9.973969883403304149e-01,9.973975960228671500e-01,9.973982037072997020e-01,9.973988114036327346e-01,9.973994190873776144e-01,9.974000267612552761e-01,9.974006344708051808e-01,9.974012421592035604e-01,9.974018498536501021e-01,9.974024575507088874e-01,9.974030652539560560e-01,9.974036729570937565e-01,9.974042806710530229e-01,9.974048883803984245e-01,9.974054960964477967e-01,9.974061038153790859e-01,9.974067115269067418e-01,9.974073192401394783e-01,9.974079269678624016e-01,9.974085347006267366e-01,9.974091424141735551e-01,9.974097501592362747e-01,9.974103578889091937e-01,9.974109656208932639e-01,9.974115733577355591e-01,9.974121811140520544e-01,9.974127888444520584e-01,9.974133965913628552e-01,9.974140043474545303e-01,9.974146121000958543e-01,9.974152198499419697e-01,9.974158276055735683e-01,9.974164353715874176e-01,9.974170431299282935e-01,9.974176508956049680e-01,9.974182586574679155e-01,9.974188664350848166e-01,9.974194742073830833e-01,9.974200819702215837e-01,9.974206897579003250e-01,9.974212975408912607e-01,9.974219053245381161e-01,9.974225131059277771e-01,9.974231209021261479e-01,9.974237286910336842e-01,9.974243364803883072e-01,9.974249442823328593e-01,9.974255520767497663e-01,9.974261598766475112e-01,9.974267676854345899e-01,9.974273754924171120e-01,9.974279833030212927e-01,9.974285911141919092e-01,9.974291989246588663e-01,9.974298067426555781e-01,9.974304145645387365e-01,9.974310223894038430e-01,9.974316302131767120e-01,9.974322380367693919e-01,9.974328458649813767e-01,9.974334536984622579e-01,9.974340615384768016e-01,9.974346693722476731e-01,9.974352772093802999e-01,9.974358850601824367e-01,9.974364929044773342e-01,9.974371007559895697e-01,9.974377086082120147e-01,9.974383164573289440e-01,9.974389243163954699e-01,9.974395321761012623e-01,9.974401400340064949e-01,9.974407478991559328e-01,9.974413557655983364e-01,9.974419636344289408e-01,9.974425715095338596e-01,9.974431793802002177e-01,9.974437872573441721e-01,9.974443951344708070e-01,9.974450030191465144e-01,9.974456109093704503e-01,9.974462187959014514e-01,9.974468266861448162e-01,9.974474345757671223e-01,9.974480424756214658e-01,9.974486503638163581e-01,9.974492582732710222e-01,9.974498661799062749e-01,9.974504740840725026e-01,9.974510819905900716e-01,9.974516898941805376e-01,9.974522978142927876e-01,9.974529057328328507e-01,9.907473630795565755e-01
0.000000000000000000e+00,9.998553805893963808e-01,9.998563577386727630e-01,9.998573348427713947e-01,9.998583119724722135e-01,9.998592890969644209e-01,9.998602662328655022e-01,9.998612433562280577e-01,9.998622204867531060e-01,9.998631976200998972e-01,9.998641747475053299e-01,9.998651518796088933e-01,9.998661290110009148e-01,9.998671061442148122e-01,9.998680832735252766e-01,9.998690604095520351e-01,9.998700375428445364e-01,9.998710146776402796e-01,9.998719918098408765e-01,9.998729689429803891e-01,9.998739460780317057e-01,9.998749232140322629e-01,9.998759003512541765e-01,9.998768774859018160e-01,9.998778546209657891e-01,9.998788317583652274e-01,9.998798088972081777e-01,9.998807860341928366e-01,9.998817631715199994e-01,9.998827403103710543e-01,9.998837174488746093e-01,9.998846945885523363e-01,9.998856717280893980e-01,9.998866488682380815e-01,9.998876260107246727e-01,9.998886031497773441e-01,9.998895802941599742e-01,9.998905574340052338e-01,9.998915345772628749e-01,9.998925117196622026e-01,9.998934888628100426e-01,9.998944660065218759e-01,9.998954431496765993e-01,9.998964202946204471e-01,9.998973974398559506e-01,9.998983745848524229e-01,9.998993517312281254e-01,9.999003288770658138e-01,9.999013060238952644e-01,9.999022831701904757e-01,9.999032603178586998e-01,9.999042374656786913e-01,9.999052146142255459e-01,9.999061917630321927e-01,9.999071689114489292e-01,9.999081460615368844e-01,9.999091232112830019e-01,9.999101003619413897e-01,9.999110775125144013e-01,9.999120546644086893e-01,9.999130318152080754e-01,9.999140089677305276e-01,9.999149861201322986e-01,9.999159632726460911e-01,9.999169404267502781e-01,9.999179175807617614e-01,9.999188947341144384e-01,9.999198718887483128e-01,9.999208490444597697e-01,9.999218261987274925e-01,9.999228033553603234e-01,9.999237805110925414e-01,9.999247576676612015e-01,9.999257348250916166e-01,9.999267119826046324e-01,9.999276891410945334e-01,9.999286662997675101e-01,9.999296434580321469e-01,9.999306206169343847e-01,9.999315977773836073e-01,9.999325749367895533e-01,9.999335520971908142e-01,9.999345292584427281e-01,9.999355064191887132e-01,9.999364835811505037e-01,9.999374607442087504e-01,9.999384379060958228e-01,9.999394150696637729e-01,9.999403922324644478e-01,9.999413693968874917e-01,9.999423465608611172e-01,9.999433237253196882e-01,9.999443008906538921e-01,9.999452780568597321e-01,9.999462552227379453e-01,9.999472323888441982e-01,9.999482095559864003e-01,9.999491867226328878e-01,9.999501638906778123e-01,9.999511410584187576e-01,9.999521182272442799e-01,9.999530953962052493e-01,9.999540725654372242e-01,9.999550497349337652e-01,9.999560269053238137e-01,9.999570040761084355e-01,9.999579812467681572e-01,9.999589584187563718e-01,9.999599355904683629e-01,9.999609127625882499e-01,9.999618899353549528e-01,9.999628671087607001e-01,9.999638442823278739e-01,9.999648214555435510e-01,9.999657986303412960e-01,9.999667758056546285e-01,9.999677529804643639e-01,9.999687301564587072e-01,9.999697073321601737e-01,9.999706845087535934e-01,9.999716616856844098e-01,9.999726388630700846e-01,9.999736160412254771e-01,9.999745932189681996e-01,9.999755703980676147e-01,9.999765475766926315e-01,9.999775247561054625e-01,9.999785019360702965e-01,9.999794791162566199e-01,9.999804562975124211e-01,9.999814334784415948e-01,9.999824106600596618e-01,9.999833878423106670e-01,9.999843650244255588e-01,9.999853422071895981e-01,9.999863193904657832e-01,9.999872965744203146e-01,9.999882737579782743e-01,9.999892509424247455e-01,9.999902281275749871e-01,9.999912053133189760e-01,9.999921824987305641e-01,9.999931596848949944e-01,9.999941368718198165e-01,9.999951140586174070e-01,9.999960912463841112e-01,9.999970684339908322e-01,9.999980456226936765e-01,9.999990228110551271e-01,1.000000000000000000e+00,9.932615049339752478e-01
0.000000000000000000e+00,1.000000000000000000e+00,9.999978132517536311e-01,9.999956266352142409e-01,9.999934397652963103e-01,9.999912531548985628e-01,9.999890665127432188e-01,9.999868798566466932e-01,9.999846931745483003e-01,9.999825064696334920e-01,9.999803197711411018e-01,9.999781331008064100e-01,9.999759464059547742e-01,9.999737597155563540e-01,9.999715730347644715e-01,9.999693863220460166e-01,9.999671996365750992e-01,9.999650129243987662e-01,9.999628262202890916e-01,9.999606395173353812e-01,9.999584528009796136e-01,9.999562660900079836e-01,9.999540793625946167e-01,9.999518926542271258e-01,9.999497059315383130e-01,9.999475192112213806e-01,9.999453324801288456e-01,9.999431457494685205e-01,9.999409590225138977e-01,9.999387722824076841e-01,9.999365855481521237e-01,9.999343988129389960e-01,9.999322120595049990e-01,9.999300253166270025e-01,9.999278385699668092e-01,9.999256518224273194e-01,9.999234650698792803e-01,9.999212783054983733e-01,9.999190915460440809e-01,9.999169047861797832e-01,9.999147180213497910e-01,9.999125312561445433e-01,9.999103444818944197e-01,9.999081577085203731e-01,9.999059709390629713e-01,9.999037841588916953e-01,9.999015973746635533e-01,9.998994105890298689e-01,9.998972238012344693e-01,9.998950370186354686e-01,9.998928502248646266e-01,9.998906634267493709e-01,9.998884766326158191e-01,9.998862898308472635e-01,9.998841030243073025e-01,9.998819162264549476e-01,9.998797294129223578e-01,9.998775426060408922e-01,9.998753557921851165e-01,9.998731689738843409e-01,9.998709821549329746e-01,9.998687953313062371e-01,9.998666085097105416e-01,9.998644216778319604e-01,9.998622348507796298e-01,9.998600480136675683e-01,9.998578611802458882e-01,9.998556743483781872e-01,9.998534875017517365e-01,9.998513006575862061e-01,9.998491138106331277e-01,9.998469269598985187e-01,9.998447401081403951e-01,9.998425532558736784e-01,9.998403663991846102e-01,9.998381795389819082e-01,9.998359926761056782e-01,9.998338058089225600e-01,9.998316189416857069e-01,9.998294320737067808e-01,9.998272451991315757e-01,9.998250583207830555e-01,9.998228714392989325e-01,9.998206845579373780e-01,9.998184976729894702e-01,9.998163107877617861e-01,9.998141238972252376e-01,9.998119370019229457e-01,9.998097501085948524e-01,9.998075632081876440e-01,9.998053763075377409e-01,9.998031894041092826e-01,9.998010024975440002e-01,9.997988155917222342e-01,9.997966286759910615e-01,9.997944417643764847e-01,9.997922548435697054e-01,9.997900679257728518e-01,9.997878810038062225e-01,9.997856940779626944e-01,9.997835071486607106e-01,9.997813202184826498e-01,9.997791332838654732e-01,9.997769463497588882e-01,9.997747594096219048e-01,9.997725724638041322e-01,9.997703855227536573e-01,9.997681985749491407e-01,9.997660116261912755e-01,9.997638246707469811e-01,9.997616377144580291e-01,9.997594507607127090e-01,9.997572637961016362e-01,9.997550768324695580e-01,9.997528898666545594e-01,9.997507028969891962e-01,9.997485159267113231e-01,9.997463289535037934e-01,9.997441419756789571e-01,9.997419549947256234e-01,9.997397680085103877e-01,9.997375810261418527e-01,9.997353940356565882e-01,9.997332070468825105e-01,9.997310200531243085e-01,9.997288330564830794e-01,9.997266460562287405e-01,9.997244590563317823e-01,9.997222720508684990e-01,9.997200850439872388e-01,9.997178980329869402e-01,9.997157110225701748e-01,9.997135240078472984e-01,9.997113369861113652e-01,9.997091499682703164e-01,9.997069629452782769e-01,9.997047759178436799e-01,9.997025888886620359e-01,9.997004018574655593e-01,9.996982148222841591e-01,9.996960277866282496e-01,9.996938407449227348e-01,9.996916537011278914e-01,9.996894666575102395e-01,9.996872796085519708e-01,9.996850925590512471e-01,9.996829055047131707e-01,9.996807184464486795e-01,9.996785313887689428e-01,9.996763443296793339e-01,9.931725891738369949e-01
0.000000000000000000e+00,9.972545050332227712e-01,9.629462966288425685e-01,9.972915747054513780e-01,9.973101110755085985e-01,9.973286472650125800e-01,9.759043972473079309e-01,9.973657198951018099e-01,9.973842568587079072e-01,9.974027939703851153e-01,9.759783531478106733e-01,9.974398684910915636e-01,9.974584059115020329e-01,9.974769435466983580e-01,9.974954818246901667e-01,9.975140198126599689e-01,9.975325583513475758e-01,9.975510969168375208e-01,9.975696358638713734e-01,9.975881747419286238e-01,9.976067140618213314e-01,9.976252534706849806e-01,9.976437931794326364e-01,9.976623329572807952e-01,9.976808730415787085e-01,9.976994132787788683e-01,9.977179537912568286e-01,9.977364944392037582e-01,9.977550353020588902e-01,9.977735763901353083e-01,9.977921177027736510e-01,9.978106590891010486e-01,9.978292008627617227e-01,9.978477428198171406e-01,9.978662849391829459e-01,9.978848272332873082e-01,9.979033697369463773e-01,9.979219125192048123e-01,9.979404554119901682e-01,9.979589985380211692e-01,9.979775419094376598e-01,9.979960854328663311e-01,9.980146292152225485e-01,9.980331731892961855e-01,9.980517173267084985e-01,9.980702617017414013e-01,9.980888062978482411e-01,9.981073510650566583e-01,9.981258960449365114e-01,9.981444412525815046e-01,9.981629866448852306e-01,9.981815322783472721e-01,9.982000780965086806e-01,9.982186241133605975e-01,9.982371703154664377e-01,9.982557167604224624e-01,9.982742634080400412e-01,9.982928102484182054e-01,9.983113573188883150e-01,9.983299045690183782e-01,9.983484520140381013e-01,9.983669996836541660e-01,9.983855475527634304e-01,9.984040956147363088e-01,9.984226438862091602e-01,9.984411924140841332e-01,9.984597410804411100e-01,9.984782899706291515e-01,9.984968390924884307e-01,9.985153884097650590e-01,9.985339379226156886e-01,9.985524876417126716e-01,9.985710375552087070e-01,9.985895876946019323e-01,9.986081380464587598e-01,9.986266885815793248e-01,9.986452393194035215e-01,9.986637903333848154e-01,9.986823414479064631e-01,9.987008928393998897e-01,9.987194444157674322e-01,9.987379961816360563e-01,9.987565481772767706e-01,9.987751003678447814e-01,9.987936527439026380e-01,9.988122053654083787e-01,9.988307581602492435e-01,9.988493111595985186e-01,9.988678644065931422e-01,9.988864178463574550e-01,9.989049714581448303e-01,9.989235252981649715e-01,9.989420793349708116e-01,9.989606335818331795e-01,9.989791880469252039e-01,9.989977426935250371e-01,9.990162975662584266e-01,9.990348526309209554e-01,9.990534078999560030e-01,9.990719633916467224e-01,9.990905191006586028e-01,9.991090749779751867e-01,9.991276311046194403e-01,9.991461873841662733e-01,9.991647438945067128e-01,9.991833006192436528e-01,9.992018575440470007e-01,9.992204146807750487e-01,9.992389720128870279e-01,9.992575295488970166e-01,9.992760872928546645e-01,9.992946452611515262e-01,9.993132034046597889e-01,9.993317617697032862e-01,9.993503203533545820e-01,9.993688791284678352e-01,9.993874380890833686e-01,9.994059972836667471e-01,9.994245566727469887e-01,9.994431162838316451e-01,9.994616760914191156e-01,9.994802360981257516e-01,9.994987963282185861e-01,9.995173567322213071e-01,9.995359173761271254e-01,9.995544782059538891e-01,9.995730392487826022e-01,9.995916005024692019e-01,9.996101619355708401e-01,9.996287236066891957e-01,9.996472854524482976e-01,9.996658475389146314e-01,9.996844098198871542e-01,9.997029723014589919e-01,9.997215349700119269e-01,9.997400978754920065e-01,9.997586609766050403e-01,9.997772242791562736e-01,9.997957877909569024e-01,9.998143515131618919e-01,9.998329154435473543e-01,9.998514795643569375e-01,9.998700438888247222e-01,9.998886084244759109e-01,9.999071731800939222e-01,9.999257381296402514e-01,9.999443032917347818e-01,9.999628686572382685e-01,9.999814342293305014e-01,1.000000000000000000e+00,9.914546163262040190e-01
0.000000000000000000e+00,9.997105315528477254e-01,9.997153564188268060e-01,9.997201813011500349e-01,9.997250061315759995e-01,9.997298309473126032e-01,9.997346557639176234e-01,9.997394805698167630e-01,9.997443053609891273e-01,9.997491301331552505e-01,9.997539548947973476e-01,9.997587796382676473e-01,9.997636043736484179e-01,9.997684290951756036e-01,9.997732538046238959e-01,9.997780784980340174e-01,9.997829031805159916e-01,9.997877278463556117e-01,9.997925525011507331e-01,9.997973771403025900e-01,9.998022017678575013e-01,9.998070263834707427e-01,9.998118509825782985e-01,9.998166755708866038e-01,9.998215001452082085e-01,9.998263247055572123e-01,9.998311492537659273e-01,9.998359737880733178e-01,9.998407983084702799e-01,9.998456228161712867e-01,9.998504473088011268e-01,9.998552717897197795e-01,9.998600962570930450e-01,9.998649207117644711e-01,9.998697451525963009e-01,9.998745695795528965e-01,9.998793939948852350e-01,9.998842183936705874e-01,9.998890427810979142e-01,9.998938671547764612e-01,9.998986915151807375e-01,9.999035158624391961e-01,9.999083401968617002e-01,9.999131645167234073e-01,9.999179888240857794e-01,9.999228131175095236e-01,9.999276373967912468e-01,9.999324616639734264e-01,9.999372859186569373e-01,9.999421101586760674e-01,9.999469343860073467e-01,9.999517585990529422e-01,9.999565827983758481e-01,9.999614069857160059e-01,9.999662311594991193e-01,9.999710553198665197e-01,9.999758794658281102e-01,9.999807036007787309e-01,9.999855277201331605e-01,9.999903518267607705e-01,9.999951759206304747e-01,1.000000000000000000e+00,9.660500614163164412e-01,9.662668688706509412e-01,9.658168799807731464e-01,9.659373008073229849e-01,9.659868889153759852e-01,9.664161883645312479e-01,9.661475566343498134e-01,9.662567641731057977e-01,9.659980958441867216e-01,9.662555981242512138e-01,9.661513223809529149e-01,9.662553826156643488e-01,9.660115990158021360e-01,9.663965241948102580e-01,9.662968855458560213e-01,9.665309664690824309e-01,9.664327153127439951e-01,9.663370612752887334e-01,9.662992853321449305e-01,9.663380544430024699e-01,9.661729596575154844e-01,9.663397791625063515e-01,9.663045384960737838e-01,9.663421838474426373e-01,9.664305689539995914e-01,9.665870417796366132e-01,9.665514388133429335e-01,9.665852378949360002e-01,9.666675005681992783e-01,9.665842224067722199e-01,9.665508959043519477e-01,9.665839445750600278e-01,9.664397906452244502e-01,9.663629043740303848e-01,9.665530887449108599e-01,9.664770457310251084e-01,9.667693329456340523e-01,9.667990684409312196e-01,9.666185829775665317e-01,9.666932883204109039e-01,9.666205044387878864e-01,9.668975647577972010e-01,9.667238877716918255e-01,9.667952801376814564e-01,9.666259565664535591e-01,9.666973051968069663e-01,9.665321433853785171e-01,9.667959415425173564e-01,9.668240685828392023e-01,9.669857729995445794e-01,9.668250277700801698e-01,9.668915423437273171e-01,9.668265184267086365e-01,9.669831400905989360e-01,9.669187890437435096e-01,9.669827156807767610e-01,9.667421500593111894e-01,9.668949063340993577e-01,9.668339137655294069e-01,9.669835038653391557e-01,9.670945194846545245e-01,9.670696590302941820e-01,9.670941399201623545e-01,9.670699363473458376e-01,9.670113367215074085e-01,9.671529516432627593e-01,9.670949225586457088e-01,9.672338165732693449e-01,9.670156445572146708e-01,9.669938588542220659e-01,9.670976054357116602e-01,9.670757960443820966e-01,9.670996063523116248e-01,9.671557093760705381e-01,9.671787952978811997e-01,9.673858262739283287e-01,9.672560867315614930e-01,9.673098217729196868e-01,9.673315638143583639e-01,9.673841865417917019e-01,9.671850997212949608e-01,9.673112260132481488e-01,9.671879766561839453e-01,9.673844055395870445e-01,9.672626634959546887e-01,9.673851647597125902e-01,9.672652809529637130e-01,9.673164205865739662e-01,9.737570101381614052e-01
0.000000000000000000e+00,1.000000000000000000e+00,9.999999785679316577e-01,9.999999571955181521e-01,9.999999358432231089e-01,9.999999144691350539e-01,9.999998930916618178e-01,9.999998717164996220e-01,9.999998503486734469e-01,9.999998289729151724e-01,9.999998075964334765e-01,9.999997862170382223e-01,9.999997648421691254e-01,9.999997434700912402e-01,9.999997220909313533e-01,9.999997007127906512e-01,9.999996793318454147e-01,9.999996579504828453e-01,9.999996365710750457e-01,9.999996151904445574e-01,9.999995938082867353e-01,9.999995724229548966e-01,9.999995510402079901e-01,9.999995296617243401e-01,9.999995082733265095e-01,9.999994868891004529e-01,9.999994655071675620e-01,9.999994441186845773e-01,9.999994227317356987e-01,9.999994013471197318e-01,9.999993799580824128e-01,9.999993585708746302e-01,9.999993371793522989e-01,9.999993157884239370e-01,9.999992944016162788e-01,9.999992730092784887e-01,9.999992516181506197e-01,9.999992302259538279e-01,9.999992088318263583e-01,9.999991874408562520e-01,9.999991660451936770e-01,9.999991446502550785e-01,9.999991232541532993e-01,9.999991018577264468e-01,9.999990804630296548e-01,9.999990590655369882e-01,9.999990376676299864e-01,9.999990162687409923e-01,9.999989948692655783e-01,9.999989734704146649e-01,9.999989520697132317e-01,9.999989306681875689e-01,9.999989092672151303e-01,9.999988878644974211e-01,9.999988664624136492e-01,9.999988450589645250e-01,9.999988236542564080e-01,9.999988022503139007e-01,9.999987808445384152e-01,9.999987594392757417e-01,9.999987380332434617e-01,9.999987166255920323e-01,9.999986952166647347e-01,9.999986738091709570e-01,9.999986524006352351e-01,9.999986309904910220e-01,9.999986095801965957e-01,9.999985881695104828e-01,9.999985667574530224e-01,9.999985453453855699e-01,9.999985239316085961e-01,9.999985025195996524e-01,9.999984811041382482e-01,9.999984596902090628e-01,9.999984382750241041e-01,9.999984168585359656e-01,9.999983954434638056e-01,9.999983740256094267e-01,9.999983526076062779e-01,9.999983311896628591e-01,9.999983097701087287e-01,9.999982883500565523e-01,9.999982669291167525e-01,9.999982455090775657e-01,9.999982240881354345e-01,9.999982026656765166e-01,9.999981812427364281e-01,9.999981598189100485e-01,9.999981383956555447e-01,9.999981169702484296e-01,9.999980955443991126e-01,9.999980741194013367e-01,9.999980526928694546e-01,9.999980312648646397e-01,9.999980098372774906e-01,9.999979884099579053e-01,9.999979669802092630e-01,9.999979455508110071e-01,9.999979241200575020e-01,9.999979026898536683e-01,9.999978812582713816e-01,9.999978598254939399e-01,9.999978383929990500e-01,9.999978169595248323e-01,9.999977955247965067e-01,9.999977740905272583e-01,9.999977526551622198e-01,9.999977312192334100e-01,9.999977097828630646e-01,9.999976883460114374e-01,9.999976669078880498e-01,9.999976454696779538e-01,9.999976240305188391e-01,9.999976025907276744e-01,9.999975811509360657e-01,9.999975597090744461e-01,9.999975382681638436e-01,9.999975168259533920e-01,9.999974953831246571e-01,9.999974739394006384e-01,9.999974524950991928e-01,9.999974310504371466e-01,9.999974096053266814e-01,9.999973881591982527e-01,9.999973667129631316e-01,9.999973452656619743e-01,9.999973238181424362e-01,9.999973023699575414e-01,9.999972809210345703e-01,9.999972594711270535e-01,9.999972380206514355e-01,9.999972165694195336e-01,9.999971951180319785e-01,9.999971736658396226e-01,9.999971522132236057e-01,9.999971307598557457e-01,9.999971093062289818e-01,9.999970878510091588e-01,9.999970663955312089e-01,9.999970449401506256e-01,9.999970234833009952e-01,9.999970020257675785e-01,9.999969805684959523e-01,9.999969591099885369e-01,9.999969376506986363e-01,9.999969161910619020e-01,9.999968947309085809e-01,9.999968732700778018e-01,9.999968518089074054e-01,9.999968303461453933e-01,9.933317601729514390e-01
0.000000000000000000e+00,1.000000000000000000e+00,9.999998776884099216e-01,9.999997551817234598e-01,9.999996327461313506e-01,9.999995103095117299e-01,9.999993879201760638e-01,9.999992655052836188e-01,9.999991430560019046e-01,9.999990206646837132e-01,9.999988981976438707e-01,9.999987757811994449e-01,9.999986533454831017e-01,9.999985309269681100e-01,9.999984084986817123e-01,9.999982860550854502e-01,9.999981636156666243e-01,9.999980411961516547e-01,9.999979187758900601e-01,9.999977963549726567e-01,9.999976739156334338e-01,9.999975514856668246e-01,9.999974290391009379e-01,9.999973066114393738e-01,9.999971841962195240e-01,9.999970617632163439e-01,9.999969393389841477e-01,9.999968169033367493e-01,9.999966944702487481e-01,9.999965720433088290e-01,9.999964496188534779e-01,9.999963271748270044e-01,9.999962047530032150e-01,9.999960823238688290e-01,9.999959598891887680e-01,9.999958374679410733e-01,9.999957150304974451e-01,9.999955926055132949e-01,9.999954701774360633e-01,9.999953477416482217e-01,9.999952253109742895e-01,9.999951028818726551e-01,9.999949804489726146e-01,9.999948580205122450e-01,9.999947355966573026e-01,9.999946131650317982e-01,9.999944907339006761e-01,9.999943683048668763e-01,9.999942458746536866e-01,9.999941234413256552e-01,9.999940010132580825e-01,9.999938785839561639e-01,9.999937561514623541e-01,9.999936337230237449e-01,9.999935112922457847e-01,9.999933888639019886e-01,9.999932664327875198e-01,9.999931440034669494e-01,9.999930215693194624e-01,9.999928991437663228e-01,9.999927767083347518e-01,9.999926542813007968e-01,9.999925318512978833e-01,9.999924094200738356e-01,9.999922869894289912e-01,9.999921645594970210e-01,9.999920421334222986e-01,9.999919196967588242e-01,9.999917972690741674e-01,9.999916748353059326e-01,9.999915524073685891e-01,9.999914299810161999e-01,9.999913075467868895e-01,9.999911851157980980e-01,9.999910626851671314e-01,9.999909402521220958e-01,9.999908178273506643e-01,9.999906953933348497e-01,9.999905729632679874e-01,9.999904505304779700e-01,9.999903281030324553e-01,9.999902056728583455e-01,9.999900832386848792e-01,9.999899608102326143e-01,9.999898383806218316e-01,9.999897159485706677e-01,9.999895935177851580e-01,9.999894710883390214e-01,9.999893486544518817e-01,9.999892262269739485e-01,9.999891037957636675e-01,9.999889813675227890e-01,9.999888589351459967e-01,9.999887365028675701e-01,9.999886140718005079e-01,9.999884916419751191e-01,9.999883692151010361e-01,9.999882467836458400e-01,9.999881243506414386e-01,9.999880019216136340e-01,9.999878794881758015e-01,9.999877570578421526e-01,9.999876346270498706e-01,9.999875121950607681e-01,9.999873897636575304e-01,9.999872673341873019e-01,9.999871449046442429e-01,9.999870224742740676e-01,9.999869000435838151e-01,9.999867776131884378e-01,9.999866551779192925e-01,9.999865327475294663e-01,9.999864103171006713e-01,9.999862878869728577e-01,9.999861654566114533e-01,9.999860430262034194e-01,9.999859205966223907e-01,9.999857981628755832e-01,9.999856757314180555e-01,9.999855532998631613e-01,9.999854308664611890e-01,9.999853084392148483e-01,9.999851860068587062e-01,9.999850635761510231e-01,9.999849411438005431e-01,9.999848187147192258e-01,9.999846962838513376e-01,9.999845738519262950e-01,9.999844514188009903e-01,9.999843289858325601e-01,9.999842065584838569e-01,9.999840841260625446e-01,9.999839616955534805e-01,9.999838392641996476e-01,9.999837168329314130e-01,9.999835944007076094e-01,9.999834719698378338e-01,9.999833495389872651e-01,9.999832271076203316e-01,9.999831046760730979e-01,9.999829822441964611e-01,9.999828598131874635e-01,9.999827373827308019e-01,9.999826149496763295e-01,9.999824925198411707e-01,9.999823700878903709e-01,9.999822476569597551e-01,9.999821252224755375e-01,9.999820027926015209e-01,9.999818803623296004e-01,9.933243339733007771e-01
0.000000000000000000e+00,1.000000000000000000e+00,9.999984068070906229e-01,9.999968136946458808e-01,9.999952204805442335e-01,9.999936274459739760e-01,9.999920342670791662e-01,9.999904412679024857e-01,9.999888480431818882e-01,9.999872548868149469e-01,9.999856618063618363e-01,9.999840686616611185e-01,9.999824755495386741e-01,9.999808824207115920e-01,9.999792892871116612e-01,9.999776961675587161e-01,9.999761030197451550e-01,9.999745098734635906e-01,9.999729167553712550e-01,9.999713235939635680e-01,9.999697304487720206e-01,9.999681373189962530e-01,9.999665441640259722e-01,9.999649510305164135e-01,9.999633578562709957e-01,9.999617647157386102e-01,9.999601715702590710e-01,9.999585784061297833e-01,9.999569852416623217e-01,9.999553920895724035e-01,9.999537989255407044e-01,9.999522057880176895e-01,9.999506126156652019e-01,9.999490194496826190e-01,9.999474263020302622e-01,9.999458331301525060e-01,9.999442399552626037e-01,9.999426467905242477e-01,9.999410536186137399e-01,9.999394604391272923e-01,9.999378672728373996e-01,9.999362740882790090e-01,9.999346809166018701e-01,9.999330877403000972e-01,9.999314945521240450e-01,9.999299013770567290e-01,9.999283081859894340e-01,9.999267150087710609e-01,9.999251218094054039e-01,9.999235286307421866e-01,9.999219354321114972e-01,9.999203422555543730e-01,9.999187490504415354e-01,9.999171558566448681e-01,9.999155626638006611e-01,9.999139694660695854e-01,9.999123762607480259e-01,9.999107830595970192e-01,9.999091898644369980e-01,9.999075966523763848e-01,9.999060034449297474e-01,9.999044102362503184e-01,9.999028170314944175e-01,9.999012238170505995e-01,9.998996306036264103e-01,9.998980373887180750e-01,9.998964441687179239e-01,9.998948509516096816e-01,9.998932577357577678e-01,9.998916645071970200e-01,9.998900712903975307e-01,9.998884780619300416e-01,9.998868848302956414e-01,9.998852916109528532e-01,9.998836983838009784e-01,9.998821051512467584e-01,9.998805119196054747e-01,9.998789186799844630e-01,9.998773254502855146e-01,9.998757322075335630e-01,9.998741389707066496e-01,9.998725457283773599e-01,9.998709524921925995e-01,9.998693592509212413e-01,9.998677660009338553e-01,9.998661727482003325e-01,9.998645795031124717e-01,9.998629862567134374e-01,9.998613930010796791e-01,9.998597997511954327e-01,9.998582064918376533e-01,9.998566132387411987e-01,9.998550199803111216e-01,9.998534267187245694e-01,9.998518334551952380e-01,9.998502402002237277e-01,9.998486469336543836e-01,9.998470536604781023e-01,9.998454603962318998e-01,9.998438671303327974e-01,9.998422738588991221e-01,9.998406805790021057e-01,9.998390873087921182e-01,9.998374940346033135e-01,9.998359007558408340e-01,9.998343074753573978e-01,9.998327141939398199e-01,9.998311209133379229e-01,9.998295276281332633e-01,9.998279343427697308e-01,9.998263410588787981e-01,9.998247477680559658e-01,9.998231544739962784e-01,9.998215611886559495e-01,9.998199678907784271e-01,9.998183746002033967e-01,9.998167813006275662e-01,9.998151880012083881e-01,9.998135946986752565e-01,9.998120013967051189e-01,9.998104080963368112e-01,9.998088147922246094e-01,9.998072214866797758e-01,9.998056281789652333e-01,9.998040348626999752e-01,9.998024415575983426e-01,9.998008482387411577e-01,9.997992549262623152e-01,9.997976616090814561e-01,9.997960682922879538e-01,9.997944749724849700e-01,9.997928816524674911e-01,9.997912883278650131e-01,9.997896950055058518e-01,9.997881016772952600e-01,9.997865083502367467e-01,9.997849150219478842e-01,9.997833216942564327e-01,9.997817283614539585e-01,9.997801350253926467e-01,9.997785416919692247e-01,9.997769483529980183e-01,9.997753550157004732e-01,9.997737616736619426e-01,9.997721683307364549e-01,9.997705749891749871e-01,9.997689816449003564e-01,9.997673882990772976e-01,9.997657949468108374e-01,9.997642015994839815e-01,9.932162229703499490e-01
0.000000000000000000e+00,8.279213995443763796e-01,1.000000000000000000e+00,9.999959871766742614e-01,9.997583328383200518e-01,9.997543223295335402e-01,9.997503118034006819e-01,9.997463012883105460e-01,9.997422907653481516e-01,9.997382802457739359e-01,9.997342697085901397e-01,9.997302591705038433e-01,9.997262486388479585e-01,9.997222381005221870e-01,9.997182275605130952e-01,9.997142170168498154e-01,9.997102064705946090e-01,9.997061959213724425e-01,9.997021853723878637e-01,9.996981748158508818e-01,9.996941642617619417e-01,9.996901537012259364e-01,9.996861431398225140e-01,9.996821325767749622e-01,9.996781220074733021e-01,9.996741114398216554e-01,9.996701008678230416e-01,9.996660902940184279e-01,9.996620797148029203e-01,9.996580691346726999e-01,9.996540585529678502e-01,9.996500479670126227e-01,9.996460373777956709e-01,9.996420267889455369e-01,9.996380161950694232e-01,9.996340056007327890e-01,9.996299950027742742e-01,9.996259844008004158e-01,9.996219737974391117e-01,9.996179631906785268e-01,9.996139525824677685e-01,9.996099419717532353e-01,9.996059313565840432e-01,9.996019207399411410e-01,9.995979101202974171e-01,9.995938994996252935e-01,9.995898888750412992e-01,9.995858782481029658e-01,9.995818676178409579e-01,9.995778569845722439e-01,9.995738463506210758e-01,9.995698357117699384e-01,9.995658250723918892e-01,9.995618144293528795e-01,9.995578037832637541e-01,7.806158708195612972e-01,7.806380860556245693e-01,7.806593395990879536e-01,7.809430833140630357e-01,7.804524938080199536e-01,7.807238869327111086e-01,7.807476466668523685e-01,7.805240067418820482e-01,7.807808361295974775e-01,7.805633833950698097e-01,7.805875104526404096e-01,7.806052515943598946e-01,7.810674022127553906e-01,7.810772271842038039e-01,7.804435683802497525e-01,7.804617816802040808e-01,7.804793360440385186e-01,7.809155941151173508e-01,7.807218727395872637e-01,7.805332193326292023e-01,7.805483368031876923e-01,7.805677046398562524e-01,7.805817163839047224e-01,7.807864291159731795e-01,7.809904249095255269e-01,7.804389675348127886e-01,7.804533826765500670e-01,7.806536656409062136e-01,7.806648886800950926e-01,7.806757220047106927e-01,7.806861794185426806e-01,7.808739262492364608e-01,7.807102260477980504e-01,7.805501091686258830e-01,7.805651524112886541e-01,7.805757000835409354e-01,7.805859029053688891e-01,7.807578655376397059e-01,7.806092455788110618e-01,7.804597563997126564e-01,7.803132895625840559e-01,7.806397423695967674e-01,7.804942522346581812e-01,7.808081869184956281e-01,7.806637675217399375e-01,7.805257641242219213e-01,7.806821132399541785e-01,7.805428587206297841e-01,7.805545528995148086e-01,7.804189828109462379e-01,7.807120562959550814e-01,7.802993687877242124e-01,7.804485537462918510e-01,7.804567331080561887e-01,7.807383080937936315e-01,7.806112785284103905e-01,7.804831185146514638e-01,7.807566347222292258e-01,7.806325520177483934e-01,7.805073135063620438e-01,7.805138620532530158e-01,7.803947619404921765e-01,7.802744753015854462e-01,7.806618070198850790e-01,7.806664883968703617e-01,7.804254865518888140e-01,7.803085945431909032e-01,7.804380967310255990e-01,7.804470915800869601e-01,7.805731996861248190e-01,7.805778808297029192e-01,7.803485458136483199e-01,7.803547717782345350e-01,7.804773571654909370e-01,7.805979342775540841e-01,7.802604434159716718e-01,7.804945924544720581e-01,7.804990844567509800e-01,7.805061876184999914e-01,7.803990614816409543e-01,7.805144228758611469e-01,7.804113573218193212e-01,7.803070363210073968e-01,7.804203529910380688e-01,7.804272758030394996e-01,7.805379506218587116e-01,7.804354204037592391e-01,7.804392986215495931e-01,7.802369685848656866e-01,7.804492254890894598e-01,7.804527173895161596e-01,7.804586033883037510e-01,7.803603754800411130e-01,7.805657415219805495e-01,7.801700871842865981e-01,8.530896772155341923e-01
0.000000000000000000e+00,9.999885704638550310e-01,9.999886476832658966e-01,9.999887249027787917e-01,9.999888021464815591e-01,9.999888793585676172e-01,9.999889565920400125e-01,9.999890338122153777e-01,9.999891110408947181e-01,9.999891882655591591e-01,9.999892654847434281e-01,9.999893427165327253e-01,9.999894199432237674e-01,9.999894971681239086e-01,9.999895743921003444e-01,9.999896516218085285e-01,9.999897288427881392e-01,9.999898060695214808e-01,9.999898832919073000e-01,9.999899605218711685e-01,9.999900377449891797e-01,9.999901149711036830e-01,9.999901921985183684e-01,9.999902694235018874e-01,9.999903466475634772e-01,9.999904238732605366e-01,9.999905010979824871e-01,9.999905783244615876e-01,9.999906555519012530e-01,9.999907327772937782e-01,9.999908100018481960e-01,9.999908872279449357e-01,9.999909644542259723e-01,9.999910416798293289e-01,9.999911189059623728e-01,9.999911961316659825e-01,9.999912733564594314e-01,9.999913505834744365e-01,9.999914278086933228e-01,9.999915050351976253e-01,9.999915822611854521e-01,9.999916594870753572e-01,9.999917367122292955e-01,9.999918139381213100e-01,9.999918911640113262e-01,9.999919683904171519e-01,9.999920456166900840e-01,9.999921228425271424e-01,9.999922000684747792e-01,9.999922772947787974e-01,9.999923545209968845e-01,9.999924317468397161e-01,9.999925089734127415e-01,9.999925862002230215e-01,9.999926634268537784e-01,9.999927406513848815e-01,9.999928178774970533e-01,9.999928951044059211e-01,9.999929723308866869e-01,9.999930495570625855e-01,9.999931267837121052e-01,9.999932040097210262e-01,9.999932812368214075e-01,9.999933584619530302e-01,9.999934356884692122e-01,9.999935129150206992e-01,9.999935901422639661e-01,9.999936673681393273e-01,9.999937445940334513e-01,9.999938218208263008e-01,9.999938990477404976e-01,9.999939762743386140e-01,9.999940535003132291e-01,9.999941307270192592e-01,9.999942079540826700e-01,9.999942851808001354e-01,9.999943624065628089e-01,9.999944396332816066e-01,9.999945168600394840e-01,9.999945940867216443e-01,9.999946713137025656e-01,9.999947485404276915e-01,9.999948257663492379e-01,9.999949029937637013e-01,9.999949802200056581e-01,9.999950574475104936e-01,9.999951346740485469e-01,9.999952119005325324e-01,9.999952891275543099e-01,9.999953663547457294e-01,9.999954435809982334e-01,9.999955208081886537e-01,9.999955980348134155e-01,9.999956752624720169e-01,9.999957524888016813e-01,9.999958297159137199e-01,9.999959069427377667e-01,9.999959841696760554e-01,9.999960613970655388e-01,9.999961386244192729e-01,9.999962158512377686e-01,9.999962930781223225e-01,9.999963703051256703e-01,9.999964475327167701e-01,9.999965247591799944e-01,9.999966019867122524e-01,9.999966792136999461e-01,9.999967564404440568e-01,9.999968336683464631e-01,9.999969108951439756e-01,9.999969881223098600e-01,9.999970653499715700e-01,9.999971425768658939e-01,9.999972198044105864e-01,9.999972970319266352e-01,9.999973742590455572e-01,9.999974514865210828e-01,9.999975287140118185e-01,9.999976059414384943e-01,9.999976831684730394e-01,9.999977603961728301e-01,9.999978376237271815e-01,9.999979148515293348e-01,9.999979920784808352e-01,9.999980693061877313e-01,9.999981465337379749e-01,9.999982237611542146e-01,9.999983009885714536e-01,9.999983782164271195e-01,9.999984554442193918e-01,9.999985326716454015e-01,9.999986098995214956e-01,9.999986871268754518e-01,9.999987643543968296e-01,9.999988415824515586e-01,9.999989188097128112e-01,9.999989960376292064e-01,9.999990732653940562e-01,9.999991504936031061e-01,9.999992277210920655e-01,9.999993049488020702e-01,9.999993821762711566e-01,9.999994594043920548e-01,9.999995366325182822e-01,9.999996138603027829e-01,9.999996910883272028e-01,9.999997683160585238e-01,9.999998455442834500e-01,9.999999227722180528e-01,1.000000000000000000e+00,9.933276566295080601e-01
0.000000000000000000e+00,9.172472371673455749e-01,9.999780266284254981e-01,9.999781761157684468e-01,9.999783258400350983e-01,9.999784751214777501e-01,9.999786246898096920e-01,9.999787742521919487e-01,9.999789235468877768e-01,9.999790731706118541e-01,9.999792226187550481e-01,9.999793721009835323e-01,9.999795215541810167e-01,9.999796711069129929e-01,9.999798205593894984e-01,9.999799700646425649e-01,9.999801195817669131e-01,9.999802690566912400e-01,9.999804184909424354e-01,9.999805679965865224e-01,9.999807175071482312e-01,9.999808670163948809e-01,9.999810164720208672e-01,9.999811659261331753e-01,9.999813154453959241e-01,9.999814649078967443e-01,9.999816144487043701e-01,9.999817639542705194e-01,9.999819134111663788e-01,9.999820629036666464e-01,9.999822123548186559e-01,9.999823618679437587e-01,9.999825113512723629e-01,9.999826608316666476e-01,9.999828103393089140e-01,9.999829597843897799e-01,9.999831092919616582e-01,9.999832587989748722e-01,9.999834082829275328e-01,9.999835577513010998e-01,9.999837072540439520e-01,9.999838567010612689e-01,9.999840062062002044e-01,9.999841556769712980e-01,9.999843051617325340e-01,9.999844546707712389e-01,9.999846041282915987e-01,9.999847536267121306e-01,9.999849031208553063e-01,9.999850525968456694e-01,9.999852020879755887e-01,9.999853515658202463e-01,9.999855010683660339e-01,9.999856505358251102e-01,9.999858000017886051e-01,9.999859494907283874e-01,9.999860989859380433e-01,9.999862484610444469e-01,9.999863979412414450e-01,9.999865474307193525e-01,9.999866969020779761e-01,9.999868463804596486e-01,9.999869958748894838e-01,9.999871453402165988e-01,9.999872948210758450e-01,9.999874443066089080e-01,9.999875937936764103e-01,9.999877432716233194e-01,9.999878927471481660e-01,9.999880422422072757e-01,9.999881917052358959e-01,9.999883411892444007e-01,9.999884906769108683e-01,9.999886401320187135e-01,9.999887896215318150e-01,9.999889390981990811e-01,9.999890885708327959e-01,9.999892380501967937e-01,9.999893875391674403e-01,9.999895370192137811e-01,9.999896865051797201e-01,9.999898359588497154e-01,9.999899854457924286e-01,9.999901349265797323e-01,9.999902844034519456e-01,9.999904338787809488e-01,9.999905833528603960e-01,9.999907328303657694e-01,9.999908823080907450e-01,9.999910317786603331e-01,9.999911812662533039e-01,9.999913307474128654e-01,9.999914802136796732e-01,9.999916296793208703e-01,9.999917791581733884e-01,9.999919286341667490e-01,9.999920781082152210e-01,9.999922275835926300e-01,9.999923770593115435e-01,9.999925265385414264e-01,9.999926760164012940e-01,9.999928254808415629e-01,9.999929749513781774e-01,9.999931244265444219e-01,9.999932738981150981e-01,9.999934233713050347e-01,9.999935728417049807e-01,9.999937223215280557e-01,9.999938717814409461e-01,9.999940212586300170e-01,9.999941707346716724e-01,9.999943201946294158e-01,9.999944696893270368e-01,9.999946191406139384e-01,9.999947686176962058e-01,9.999949180902399926e-01,9.999950675633015873e-01,9.999952170362954584e-01,9.999953665032932371e-01,9.999955159706160890e-01,9.999956654491274355e-01,9.999958149160612653e-01,9.999959643927057718e-01,9.999961138505525371e-01,9.999962633257907241e-01,9.999964127935854208e-01,9.999965622629006790e-01,9.999967117337165146e-01,9.999968611945304620e-01,9.999970106756912447e-01,9.999971601352143358e-01,9.999973096076376633e-01,9.999974590703077926e-01,9.999976085355045674e-01,9.999977580048594605e-01,9.999979074760562137e-01,9.999980569363533522e-01,9.999982064078842825e-01,9.999983558724749866e-01,9.999985053371354127e-01,9.999986548048007684e-01,9.999988042676686284e-01,9.999989537401587913e-01,9.999991032035078220e-01,9.999992526648656677e-01,9.999994021392411003e-01,9.999995516055836253e-01,9.999997010711925149e-01,9.999998505338225652e-01,1.000000000000000000e+00,9.927708084038734393e-01
